date,title,sentiment_label,sentiment_score
2009-04-29,Going Against the Herd,Positive,1
2009-06-01,super-trades - Two 52 week highs and others about to join them,Positive,1
2009-07-14,Skystar Bio-Pharmaceutical Announces Expansion Plans and Growth Expectations,Negative,-1
2009-07-30,The Gold/Silver Ratio From 1300 to 1900...And Now,Positive,1
2009-08-04,"A Simulation of China's 2,$$$,$$$,$$$,$$$ Diversification/Writedown",Positive,1
2009-08-06,Fairborne Energy Ltd. Announces 2009 Second Quarter Financial and Operating Results,Negative,-1
2009-08-07,WesternZagros Announces 2009 Second Quarter Results,Positive,1
2009-08-08,Rosen Law Firm Announces Class Action Lawsuit Against Repros Therapeutics Inc. -- RPRX,Neutral,0
2009-08-09,"Optichron(R) Second-Generation Digital Pre-Distortion Processor Provides Wide-Band, Class 1 Performa",Positive,1
2009-08-10,ERHC Energy Inc. Reports Third Quarter 2009 Financial Results,Positive,1
2009-08-11,Essential Energy Services Trust Announces Second Quarter 2009 Results and Quarterly Distribution,Positive,1
2009-08-12,"Birchcliff Energy Ltd. Announces Second Quarter Financial Results, and Continued Success With Its Mo",Negative,-1
2009-08-13,Fully Automatic Defrag Curtails Unnecessary Hardware Expenditures,Neutral,0
2009-08-16,Software News: It's a Cloud World,Positive,1
2009-08-17,Expect a Selloff for Brocade,Positive,1
2009-08-18,Why I think SKBI will do $3 EPS in 2009 and $3+ in 2010,Positive,1
2009-08-19,"Hedging Using Residential Real Estate Exchange Traded Securities (DMM, UMM)",Positive,1
2009-08-23,The Problems with Nitrous Oxide: CARS Exhausts $3 Billion in One Month and Everyone is Smiling :),Positive,1
2009-08-25,2009 Math SAT Scores Are In: Gender Gap Persists,Neutral,0
2009-08-26,Baltic Dry Index Update,Positive,1
2009-08-27,"Beer, Competition, and Emerging Markets",Positive,1
2009-08-28,"ECRI: Double-Dip Recession ""Out of the Question""",Positive,1
2009-08-29,Coupon Queen: $279 of Groceries For Only 39¢,Positive,1
2009-08-30,Capitalism: A Love Story,Positive,1
2009-08-31,"Bloomberg: Shipping Rates Seen Falling 50% on China, Fleet Size",Neutral,0
2009-09-01,"Paul Tudor Jones, Clarium Capital Not Buying Green Shoot Theory",Positive,1
2009-09-02,American International Group (AIG) poised to drop,Neutral,0
2009-09-03,"Fortune: China's Amazing New Bullet Train, and America's Amazing Railroad Oligarchs",Positive,1
2009-09-04,[Long] Weekend Reading Part 1,Positive,1
2009-09-05,Markets In Everything: Portable Toilet for Women,Positive,1
2009-09-06,And So The Next Crisis Begins: FHA Loans Starting to Default in Increasing Numbers - 2% Reserve Thre,Neutral,0
2009-09-07,Citigroup 2006: America - A Modern Day Plutonomy,Positive,1
2009-09-08,Some Interesting Reads,Positive,1
2009-09-09,"WSJ: Vanguard's John Bogle, Warren Buffet Speak Out Against Short Term Nature of Markets",Positive,1
2009-09-10,Traditional Universities May Be Irrelevant by 2020,Neutral,0
2009-09-11,"NYT: Cautiously, Small Investors Edge Back into Stocks",Negative,-1
2009-09-12,Samuel Johnson: Entrepreneurial Genius,Positive,1
2009-09-13,"Bookkeeping: Weekly Changes to Fund Positions Year 3, Week 6",Positive,1
2009-09-14,Patrick Swayze Loses His Battle With Cancer,Positive,1
2009-09-15,Bookkeeping: Closing GeoEye (GEOY),Positive,1
2009-10-05,Portfolio Positions with Yellow Caution Tag Attached,Positive,1
2009-11-05,Blackstone Group And Glimcher Realty Trust Form Joint Venture,Positive,1
2009-11-13,Agilent Technologies (A) results beats forecasts,Positive,1
2009-11-22,Baltic Dry Index - A Review,Positive,1
2009-12-22,Review On A’s Deal With VARI Delayed Again,Positive,1
2010-02-12,Agilent Technologies (A) Reports 23% Profit Rise,Positive,1
2010-02-17,The Google Buzz Guide for the Enterprise (with Buzz Matrix),Positive,1
2010-03-10,BRKR Buys VARI’s Assets; Deal To Be Accretive In 2010-11,Negative,-1
2010-03-11,The Health Care Reform Bill: Welcome To The Biggest Tax Increase In U.S. History,Negative,-1
2010-03-23,IBD Takedown of the Health Insurance Law,Neutral,0
2010-03-26,"Next Week: Jobs, Jobs, Jobs - Earnings Preview",Positive,1
2010-04-29,"Investment Analysis: The Penn Miller Holding Corporation (PMIC) – A Classic Low-Risk, High-Return Sp",Negative,-1
2010-05-04,Vidaroo Reports Creating Video Imagery and Background for “Idol Gives Back” Performance of Black Eye,Positive,1
2010-05-11,"Vidaroo Corporation (Formerly Gen2Media Corporation) and NARM, the Music Business Association, Partn",Positive,1
2010-05-17,Agilent Technologies (A) Down 2% Despite Strong Results,Neutral,0
2010-05-18,Agilent Technologies Inc. (A) All Set To Test Support Level at 200 Day MA,Positive,1
2010-05-19,"Mad Money Lightning Round OT: Cramer Gives His Opinion On AMKR, TER, A, CML, CSCO, MGM, WYNN",Positive,1
2010-05-20,Vidaroo Corporation is Back in Black According to Live Design Magazine,Positive,1
2010-05-24,Fitch Revises Agilent Outlook,Positive,1
2010-06-01,JP Morgan (JPM) Resumes Coverage Of Agilent Technologies Inc. (A) With Neutral Rating,Positive,1
2010-06-08,Vidaroo Corporation Announces the Vidaroo Affiliate Sales Program and Signs Its Initial Group of Aff,Positive,1
2010-06-30,Dendreon Plunging After Hours (DNDN),Neutral,0
2010-08-16,Agilent Technologies Reports Third Quarter Results (A),Positive,1
2010-08-17,Cautious on Agilent After 3Q Results - Analyst Blog,Positive,1
2010-08-25,Agilent Technologies Favored At Jefferies (A),Positive,1
2010-08-26,JDS Uniphase Misses by a Penny - Analyst Blog,Neutral,0
2010-09-06,Kabul Bank: When They Don’t Fear the Regulators Enough to Even Hide the Abuses,Positive,1
2010-09-13,The Big Bang Leads to the Big Whimper (aka: Basel III),Positive,1
2010-09-20,Financial Regulatory Success under Bush and Obama?,Positive,1
2010-10-06,Deutsche Bank Initiates Buy Rating on Agilent Technologies (A),Positive,1
2010-10-07,Deutsche Bank Opens Agilent With Buy,Positive,1
2010-10-12,Upside Purchased on Agilent Technologies (A),Positive,1
2010-10-28,"Stifel Nicolaus Upgrades (A, GG)",Positive,1
2010-11-08,Agilent Technologies and Harvard's Wyss Institute Announce Collaboration,Positive,1
2010-11-10,Seven steps to Social Security cuts prophecy,Positive,1
2010-11-12,Options Brief: Agilent Technologies (A),Positive,1
2010-11-15,"Agilent Has Solid Q4, Ups Guidance - Analyst Blog",Negative,-1
2010-11-16,"Zacks Analyst Blog Highlights: Wendy's/Arby's Group Inc., Agilent Technologies', Ametek Inc., Cognex",Positive,1
2010-11-17,The Celtic Chimera,Positive,1
2010-11-29,Agilent Technologies Awarded $1.8 Million Contract by U.S. Navy,Negative,-1
2010-12-15,J.P. Morgan Upgrades Agilent Tech To OW; PT Goes From $40 To $46,Negative,-1
2010-12-17,JDS Uniphase Remains Neutral - Analyst Blog,Positive,1
2010-12-28,Zacks #1 Rank Additions for Tuesday - Tale of the Tape,Positive,1
2011-01-04,"Research in Motion: Targets, Estimates",Positive,1
2011-01-10,KNIGHTSBRIDGE (VLCCF) - Profit Tracks,Positive,1
2011-01-11,"Alcoa: New Targets, Estimates",Positive,1
2011-01-12,"Short Interest Slides on Healthcare Names (DNEX, BEC, PLL)",Positive,1
2011-01-13,Agilent Technologies Appoints Dr. Tachi Yamada to Board,Positive,1
2011-01-19,Agilent Technologies to Acquire Assets of A2 Technologies,Positive,1
2011-01-25,Waters Outperforms - Analyst Blog,Positive,1
2011-02-11,J.P. Morgan Raises Agilent Technologies PT To $50 (A),Negative,-1
2011-02-13,"Earnings Scheduled For February 14 (MAS, MAR, DBD, A, MGM, SKH, CW, VAL, FTI, AEIS, ACGL, CNGL, ASF)",Positive,1
2011-02-14,Agilent Technologies Reports First Quarter 2011 Results: EPS of $0.54,Positive,1
2011-02-15,Jefferies Raises Agilent Technologies PT To $55 (A),Negative,-1
2011-02-22,Should Apple Become a Game Developer?,Positive,1
2011-02-28,Oak Street Wealth Management's Market Commentary 2-28-11,Positive,1
2011-03-01,Agilent Technologies Acquires BIOCIUS Life Sciences,Positive,1
2011-03-02,J.P. Morgan Expects Agilent Analyst Meeting To Be A Positive Catalyst Owing To Updates On New Produc,Negative,-1
2011-03-04,"Benzinga's Top Performing Industries, March 4th (NFLX, AXU, SCOK, MVG, HLS, DVA, A, WAT)",Positive,1
2011-03-10,Agilent Technologies' Latest GoldenGate RFIC Simulation Software Raises the Bar on Performance and U,Positive,1
2011-03-11,Agilent Technologies' Operations in Japan Remain Unaffected by Earthquake (A),Positive,1
2011-03-21,"Mad Money Lightning Round: Cramer Advises Investors To Buy Starbucks (SBUX, SLB, HMC, A, LLNW, MCP, ",Positive,1
2011-03-24,Agilent Technologies Expands Life Sciences and Chemical Analysis Center of Excellence in India,Negative,-1
2011-04-24,Greece will not be 'allowed' to default until policy shores up the Irish bond market,Positive,1
2011-04-26,Jefferies Raises PT On Agilent Technologynies To $56,Negative,-1
2011-04-29,"China MediaExpress Holdings, Inc. Receives Notification From Nasdaq",Positive,1
2011-05-12,"Earnings Scheduled For May 13 (A, SVA, CADC, TRIT, ERF, VALV, GNET, TRBR, SIHI)",Positive,1
2011-05-13,"Top day traders Stocks and nalyst Upgrades & Downgrades on 5/13/11- NVDA, PNSN, VRML, A, YHOO, DF",Neutral,0
2011-05-16,J.P. Morgan Raises PT From $53 To $59 And Reiterates Overweight Rating On Agilent Technologies (A),Negative,-1
2011-05-31,NCI Awarded $58 Million NETCOM G5 IDIQ Contract,Negative,-1
2011-06-02,Is QE3 The Next Stop For The US Fed? (Guest Post),Positive,1
2011-06-06,Life Partners Announces Receipt of Wells Notice,Positive,1
2011-06-07,"Sprint Ticking Higher, Retracing Most of its Earlier Losses",Negative,-1
2011-06-09,Alpha Natural Resources Announces an Amended Notice of Fundamental Change,Positive,1
2011-06-16,Is Social Networking Just a Fad?,Positive,1
2011-06-20,Stocks and Sectors to Watch: S&P 500 Recap 6/20/11,Positive,1
2011-06-21,Hi-Tech Pharmacal Receives Final Approval for Levofloxacin Oral Solution,Negative,-1
2011-06-22,Wednesday's S&P Sector Recap 6/22/11,Positive,1
2011-06-28,Top Percentage Pre-Market Gainers and Losers,Positive,1
2011-07-05,Hottest and Coldest Sectors For the First Half of 2011,Positive,1
2011-07-08,Hottest and Coldest Sectors for Friday 7/8/11,Positive,1
2011-07-11,Deutsche Bank Updates 7/11/11,Positive,1
2011-07-15,UPDATE: J.P. Morgan Raises PT on Agilent Technologies to $63,Negative,-1
2011-07-16,High School Grade Inflation: 1991 to 2003,Positive,1
2011-07-18,"Earnings Preview: Analysts Expect Danaher Revenue, Earnings to Dip from Previous Quarter",Neutral,0
2011-07-21,Thursday's Put/Call Ratio Leaders,Positive,1
2011-07-24,Earnings Preview: Roper Industries Growth Seen Continuing in Wake of Northern Digital Acquisition,Negative,-1
2011-07-27,Wednesday's S&P 500 Sector Recap: Hottest and Coldest Sectors,Positive,1
2011-07-28,Jefferies Has Buy On Agilent Technologies,Positive,1
2011-08-01,RMR Funds' Revised Merger Documents Filed With SEC,Positive,1
2011-08-02,Hearing CRT Capital Upgraded Amedisys,Positive,1
2011-08-07,EUR-GBP Needs to Break 0.8608 Support,Neutral,0
2011-08-10,"Earnings Preview: Agilent Technologies' EPS, Revenue Expected to Rise",Negative,-1
2011-08-12,"Industrials, Oil & Gas, and Consumer Goods Lead Market Rally",Positive,1
2011-08-14,Earnings Expectations for the Week of August 15,Positive,1
2011-08-15,Agilent Says It Will Blow Through Most Optimistic China Projections,Negative,-1
2011-08-16,UPDATE: Stifel Nicolaus Lowers PT on Agilent Technologies to $50,Neutral,0
2011-09-08,"Financials, Industrials, and Basic Materials Slide into the Close",Neutral,0
2011-09-16,A Potluck of Long and Short Setups,Positive,1
2011-09-20,"Costamare Inc. Announces Secondhand Vessel Acquisitions and Disposals, Time Charter Extensions and t",Positive,1
2011-10-06,"Hansen Medical Announces Settlement of SEC Investigation; No Penalties, Injunction or Charges Agains",Positive,1
2011-10-17,"Danaher Earnings Preview: Analysts Expect Higher EPS, Revenue",Negative,-1
2011-10-24,13 Drug Companies Trying to Beat the Odds in Pancreatic Cancer,Positive,1
2011-10-27,Agilent Technologies Signs Agreement to Supply Target Enrichment System to Ambry Genetics for Exome ,Negative,-1
2011-11-11,"Earnings Preview: Agilent Technologies' EPS, Revenue Expected to Rise",Negative,-1
2011-11-13,Earnings Expectations for the Week of November 14,Positive,1
2011-11-14,"Earnings Preview: Agilent Technologies' EPS, Revenue Expected to Rise",Negative,-1
2011-11-15,Agilent Technologies Sees Profit Slip,Negative,-1
2011-11-16,Goldman Sachs Raises Agilent Technologies PT,Positive,1
2011-12-01,Agilent Technologies Grows Life Sciences Business With Strategic Acquisition; Terms Not Disclosed,Positive,1
2011-12-15,"Credit Suisse Reiterates Outperform, $46 on Agilent",Neutral,0
2011-12-16,FiberTower Announces Receipt of Nasdaq Listing Compliance Notice and Events of Default on Convertibl,Positive,1
2011-12-20,"Short Sellers: ""Freedom of Information Act Request Uncovers Pending or Prospective SEC Law Enforceme",Positive,1
2011-12-21,Agilent Technologies Expands Vacuum Products Portfolio with Acquisition of Pump Maker P.V.R.,Negative,-1
2011-12-22,Kingtone Wirelessinfo Solution Holding Receives NASDAQ Notification of Non-Compliance with Minimum B,Neutral,0
2011-12-28,Notable Put Options Activity on Agilent Technologies,Positive,1
2012-01-04,JP Morgan Adds Agilent Technologies to Analyst Focus List,Positive,1
2012-01-06,VirtualScopics Announces Receipt of Notice from Nasdaq,Positive,1
2012-01-09,Orckit Announces Receipt of Nasdaq Delisting Notice; Intends to Request Hearing to Appeal Decision,Positive,1
2012-01-10,Receives NYSE Non-Compliance Letter,Positive,1
2012-01-18,Deutsche Bank Maintains Buy on Agilent After Dividend Announcement,Positive,1
2012-01-23,UPDATE: Successfactors Says Received Cfius Notification of Investigation,Positive,1
2012-01-31,Guanwei Recycling Corp. Receives Nasdaq Letter Regarding Non-Compliance With Minimum Bid Price Rule,Neutral,0
2012-02-12,Earnings Expectations for the Week of February 13,Positive,1
2012-02-13,Eppendorf Licenses Technology for Thermal Cyclers to Agilent,Positive,1
2012-02-15,Agilent Technologies Falls 7% After-Hours,Neutral,0
2012-02-16,"Jefferies Reiterates Buy, $60 Target on Agilent Technologies",Positive,1
2012-03-05,"Morning Social Media Outlook for Mon Mar 5 (LNKD, C, A, AGNC)",Positive,1
2012-03-06,"Morgan Stanley Initiates Coverage on Agilent Technologies at Overweight, Announces PT of $54",Negative,-1
2012-03-12,"Morning Social Media Outlook for Monday March 12 (ZOLL, SBUX, A, T)",Positive,1
2012-03-26,"Morning Social Media Outlook for Monday March 26 (LGF, A, H, YHOO)",Positive,1
2012-04-05,Stock Act: Penalty Does NOT Fit the Crime,Positive,1
2012-04-09,Discover Financial Services Commences Exchange Offers for Outstanding Senior Notes Due 2019 and 2017,Positive,1
2012-04-11,"Seagate, SAP and Other Top European Tech Stocks",Positive,1
2012-04-19,UPDATE: Stifel Nicolaus Raises PT to $52 on Agilent Technologies,Negative,-1
2012-04-27,"Agilent Technologies, Centellax Announce Agilent Will Acquire Centellax's Test and Measurement Busin",Positive,1
2012-05-14,Agilent Tech Guides FY EPS $3.18-3.24 vs $3.19 Est; Guides FY Revenue $6.94-7B vs $6.95B Est; Guides,Negative,-1
2012-05-15,UPDATE: Stifel Nicolaus Increases PT to $54 on Agilent Technologies; FQ2 Beat; Guidance,Negative,-1
2012-05-17,"Benzinga's M&A Chatter for Thursday May 17, 2012",Positive,1
2012-06-15,"UPDATE: Citigroup Initiates Agilent Technologies with Buy, $46 PT on Favorable Outlook",Negative,-1
2012-06-18,"Social Media Outlook for Monday June 18 (BKS, A, INFI, DSW)",Positive,1
2012-07-03,5 Scientific & Technical Instruments Stocks With The Highest Revenue,Positive,1
2012-07-05,"Social Media Outlook for Thursday July 5 (ED, NLY, A, FB)",Positive,1
2012-07-09,"Social Media Outlook for Monday July 9 (WLP, AGP, V, AA)",Positive,1
2012-07-10,"UPDATE: ISI Group Initiates Agilent with Overweight, $46.50 PT on Attractive Leverage to Mega-Trends",Negative,-1
2012-07-16,Agilent Technologies Signs Agreement to Acquire AT4 wireless' Test Systems Business,Negative,-1
2012-07-23,UPDATE: Citigroup Raises PT to $51 on Agilent Technologies as Valuation Moves to 2013 Base,Negative,-1
2012-07-30,Barron's Recap (7/28/12): Financial Advisory Teams are the Future,Positive,1
2012-08-02,Agilent Technologies Expands Wireless Test Portfolio by Completing Acquisition of AT4 Wireless Test ,Negative,-1
2012-08-13,"Jefferies & Company Maintains Agilent Technologies at Buy, Lowers PT from $60 to $58",Positive,1
2012-08-15,Agilent Guides Q4 EPS $0.80-0.82 May Not Compare to $0.93 Est; Guides Q4 Revenue $1.76-1.78B May Not,Positive,1
2012-08-16,"Barclays Maintains Agilent Technologies at Overweight, Lowers PT from $50 to $46",Neutral,0
2012-09-07,Agilent Tech in Pact with Liposcience,Negative,-1
2012-09-10,Agilent Technologies Prices $400 Million of Senior Notes,Positive,1
2012-10-16,"Citigroup Maintains Agilent Technologies at Buy, Lowers PT from $47 to $45",Neutral,0
2012-11-07,"Agilent, Roche Sign Deal for Continued Service to NimbleGen Customers",Negative,-1
2012-11-14,"Agilent Tech Names Ron Nersesian Pres, COO, Says Bill Sullivan to Remain CEO",Positive,1
2012-11-18,Earnings Expectations for the Week of November 19,Positive,1
2012-11-19,"UPDATE: Agilent Posts 47% Rise In FQ4 Profit, Issues Weak Forecast",Neutral,0
2012-11-20,"Barclays Maintains Agilent Technologies at Overweight, Lowers PT from $46 to $40",Neutral,0
2013-01-17,"Agilent Authorizes $500M Buyback, Raises Qtr. Dividend from $0.10 to $0.12/Share",Negative,-1
2013-02-13,"Earnings Scheduled For February 14, 2013",Positive,1
2013-02-14,"Agilent Technologies, Inc. Lowers FY2013 EPS Guidance from $2.80-3.10 to $2.70-3.00 vs $3.04 Est; Lo",Neutral,0
2013-02-15,"UPDATE: J.P. Morgan Reiterates Overweight Rating, Lowers PT on Agilent Technologies on F1Q13 Review",Neutral,0
2013-03-05,UPDATE: Credit Suisse Initiates Agilent Technologies at Outperform; Compelling Valuation on Pullback,Negative,-1
2013-03-06,"Leerink Swann Initiates Coverage on Agilent Technologies, Inc. at Outperform",Negative,-1
2013-03-08,"Bank of America Maintains Buy on Agilent Technologies, Inc., Raises PO to $49.00",Negative,-1
2013-05-10,"The Week Ahead: Full Slate of Economic Data; Earnings From Cisco, Wal-Mart and Deere",Positive,1
2013-05-12,Earnings Expectations for the Week of May 13,Positive,1
2013-05-14,Agilent Expecting to Cut 450 Jobs,Neutral,0
2013-05-15,UPDATE: ISI Group Raises PT on Agilent Technologies on Mixed Factors,Negative,-1
2013-06-03,UPDATE: Jim Cramer Says Danaher Could Pay as Much as $65/Share for Agillent,Positive,1
2013-06-18,Agilent Confirms Senior Notes Offering,Positive,1
2013-06-25,"Goldman Sachs Downgrades Agilent Technologies, Inc. to Neutral, Maintains $47.00 PT",Neutral,0
2013-07-08,Alcoa Q2 Earnings Call Just Beginning,Positive,1
2013-07-09,"Market Wrap for Tuesday, July 9: Major Averages Closing in on Previous Highs",Positive,1
2013-07-12,How to Make Sense of This Ridiculous Market Situation,Positive,1
2013-07-16,"HSBC Reduced 2013 Aluminum Forecast from $2,100 to $1,934/Ton",Neutral,0
2013-07-18,Alcoa Names Roy Harvey Chief Operating Officer for Global Primary Products (GPP); Leigh Ann Fisher N,Positive,1
2013-07-30,"Benzinga Market Primer: Wednesday, July 30: Futures Higher After Asia Turnaround",Negative,-1
2013-07-31,SLIDESHOW: 13 High Beta Stocks to Watch,Positive,1
2013-08-09,Weekly Preview: Earnings Season Wanes As Economic Data Comes Into Focus,Neutral,0
2013-08-11,Earnings Expectations For The Week Of August 12,Positive,1
2013-08-12,"Agilent Technologies, SomaLogic Announce Deal to Expand Access to Proteomic Technology, No Terms Dis",Positive,1
2013-08-14,"Agilent Technologies, Inc. Sees Q4 EPS $0.75-0.77 vs $0.76 Est; Sees Sales $1.70B-1.72B vs $1.73B Es",Negative,-1
2013-08-15,Agilent Technologies Earnings Analysis,Positive,1
2013-08-16,Bank of America Downgrades Alcoa Inc. to Underperform,Neutral,0
2013-08-19,Benzinga's Top Pre-Market Losers,Positive,1
2013-08-29,Alcoa Breaks Ground on $275M Tennessee Auto Expansion,Negative,-1
2013-09-03,"Benzinga Market Primer: Tuesday, September 3: Obama Gambles On Congress Vote For Military Interventi",Positive,1
2013-09-10,"Three Dow Components Booted Tuesday, But Don't Read Too Much Into The Decision (AA, BAC, HPQ)",Positive,1
2013-09-16,"Ahead of Changes, S&P Bullish on Dow ETF",Positive,1
2013-09-17,"Wellington Shields Initiates Coverage on Alcoa Inc. at Buy, Announces $10.00 PT",Positive,1
2013-09-19,"Benzinga's Most Read Stories for September 19, 2013",Positive,1
2013-09-20,"Barclays Maintains Overweight on Agilent Technologies, Inc., Raises PT to $58.00",Negative,-1
2013-09-23,Rebalancing of the Dow Jones and S&P 500 Indices: Not So Balanced In Reality,Positive,1
2013-09-30,How the Stock Market Is Now Priced by the Fed,Positive,1
2013-10-01,"UPDATE: Stifel Downgrades Agilent Technologies on Valuation, Limited Upside",Neutral,0
2013-10-02,Mid-Day Market Update: Global Payments Gains On Upbeat Results; Team Shares Dip,Negative,-1
2013-10-06,Earnings Expectations For The Week Of October 7: A New Earnings Season,Positive,1
2013-10-07,ETF Outlook for the Week of October 7,Positive,1
2013-10-08,From Alcoa Call: Co. On Track to Meet 2013 Goals,Negative,-1
2013-10-09,"Market Wrap for Wednesday, October 9: Yellen Nominated, Markets Closed Mixed",Positive,1
2013-10-14,"Stocks to Watch for October 14, 2013",Positive,1
2013-10-16,"Agilent, Seoul National University Hospital Announce Strategic Collaboration on Biomarker Research",Negative,-1
2013-10-17,"Baird Maintains Outperform on Advance Auto Parts Inc, Raises PT to $108.00",Negative,-1
2013-10-22,Century Aluminum Spikes Higher,Negative,-1
2013-10-23,"Option Alert: Alcoa January 7 Put; 13,755 Contracts Traded @$0.07; Currently $9.07",Positive,1
2013-10-28,"Option Alert: Agilent November 57.5 Call; 1,400 Contracts Traded @$0.09; Currently $51.15",Positive,1
2013-11-04,TD Ameritrade's October IMX Summary,Positive,1
2013-11-05,"#PreMarket Primer: Tuesday, November 5: Fed Speakers Calm Taper Nerves",Positive,1
2013-11-07,Alcoa Comments on LME Board Decision,Positive,1
2013-11-10,Earnings Expectations For The Week Of November 11: Walmart And Other Retailers,Positive,1
2013-11-13,"#PreMarket Primer: Wednesday, November 13: Will Or Won't The Fed Taper?",Positive,1
2013-11-14,"Agilent Technologies, Inc. Sees Q1 EPS $0.65-0.67 vs $0.73 Est; Sees Sales $1.68B-1.70B vs $1.72B Es",Negative,-1
2013-11-15,Mid-Day Market Update: Agilent Shares Rise On Upbeat Earnings; Western Union Drops,Negative,-1
2013-11-19,A Small Cap That is Cashing In on ObamaCare,Negative,-1
2013-11-22,"Agilent Technologies Reports New Buyback Plan, Raises Qtr. Dividend from $0.12 to $0.132/Share",Negative,-1
2013-11-25,"Market Wrap For November 25: Nasdaq Breaks 4,000 Level For First Time Since 2000",Negative,-1
2013-11-26,Fitch Expects Aluminum Producers to Curtail Production Further,Neutral,0
2013-11-27,"Option Alert: Alcoa June 11 Call; 22,400 Contract Trade at Ask @$0.49; Currently $9.76",Positive,1
2013-12-05,"Option Alert: Alcoa June 11 Call; 14,895 Contract Trade at Ask @$0.36; Currently $9.36",Positive,1
2013-12-11,#PreMarket Primer for December 11: US Government Takes First Steps Towards Budget Deal,Negative,-1
2013-12-12,"Bank of America Maintains Buy on Agilent Technologies, Inc., Raises PO to $62.00",Negative,-1
2013-12-13,"Stocks to Watch for December 13, 2013",Positive,1
2013-12-16,Alcoa Signs Long-Term $110M Supply Agreement with Airbus,Negative,-1
2013-12-19,"#PreMarket Primer: Thursday, December 19: Fed Taper Begins",Positive,1
2013-12-20,"#PreMarket Primer: Friday, December 20: Housing And Jobs Data Create A Small Wrinkle In US Outlook",Neutral,0
2013-12-25,Ford Expected to Unveil Aluminum-Bodied F-150,Positive,1
2013-12-26,Benzinga's Top #PreMarket Gainers,Negative,-1
2013-12-31,Can 2013's Market Laggards Become 2014's Leaders?,Positive,1
2014-01-05,Earnings Expectations For The Week Of January 6: Alcoa And More,Positive,1
2014-01-06,UPDATE: Morgan Stanley Reiterates on Agilent Technologies,Positive,1
2014-01-07,UPDATE: Agilent Sees Spin-Off of Keysight in Early Nov.,Positive,1
2014-01-09,Alcoa CEO Kleinfeld: Production US Continues to Go Up; We are Very Positive on US Automotive Industr,Negative,-1
2014-01-10,"Market Wrap For January 10: Job Growth Weak, But Unemployment Falls",Neutral,0
2014-01-15,Alcoa to Permanently Close Remaining Potlines at Massena East Smelter; Sees $0.06 per Share Charge,Neutral,0
2014-01-16,Will Greater Global Car Sales Help Investors Benefit From Alcoa?,Negative,-1
2014-01-17,6 Industry Trends On Display At The 25th North American International Auto Show In Detroit,Positive,1
2014-01-21,"Form 8-K from Alcoa Shows Co. Expecting Restructuring Charges of $60-70M in Q1, or ~$0.06/Share",Neutral,0
2014-01-22,"#PreMarket Primer: Wednesday, January 22: Syrian Peace Talks Kick Off Surrounded By Doubt",Positive,1
2014-01-23,Alcoa Announces Election of Carol Roberts to Board,Positive,1
2014-01-24,Alcoa Shares Falling in the Pre-Market,Neutral,0
2014-01-27,"#PreMarket Primer: Monday, January 27: Markets Open The Week On Edge",Positive,1
2014-01-29,Hearing Vague Unconfirmed Takeover Chatter on Alcoa; ArcelorMittal Frequently Mentioned as Potential,Positive,1
2014-01-31,"DA Davidson Maintains Neutral on Alcoa Inc., Raises PT to $115.00",Negative,-1
2014-02-05,Morgan Stanley Sees Optimistic Outlook for Agilent Technologies,Negative,-1
2014-02-10,TD Ameritrade's Investor Movement Index for Jan. Edges Higher to 5.66,Negative,-1
2014-02-11,"Agilent's Dako, Amgen Expand Deal for Development of New Diagnostic test",Negative,-1
2014-02-13,"Agilent Technologies, Inc. Lowers FY2014 EPS Guidance from $3.03-3.33 to $2.96-3.16 vs $3.19 Est; Lo",Neutral,0
2014-02-14,Mid-Afternoon Market Update: Cray Shows Strength as Agilent Technologies Falls on Earnings,Negative,-1
2014-02-17,Alcoa Announces Closure Point Henry Aluminum Smelter and Rolling Mills in Australia,Neutral,0
2014-02-18,"Market Wrap For February 18: Dow Finishes Lower, Nasdaq Still Hot",Neutral,0
2014-02-19,Alcoa Cannot Wait To Rally...Here's Why,Positive,1
2014-02-25,"Alcoa, Quebec Government Reach Agreement to Secure 3,000 Jobs",Negative,-1
2014-03-06,Market Wrap For March 6: Investors Find Positives In Jobless Claims,Negative,-1
2014-03-10,#PreMarket Primer: Monday March 10: Russia Tightens Its Grip On Crimea,Negative,-1
2014-03-11,"Morgan Stanley Sees Full Valuation, Supportive Factors for Alcoa",Negative,-1
2014-03-14,Market Wrap For March 14: Ukraine Tension Drag Markets Lower,Neutral,0
2014-03-17,US Stock Futures Jump Ahead Of Economic Data,Negative,-1
2014-03-19,"George A. Scangos, Ph.D., of Biogen Idec to Join Agilent Technologies Board of Directors",Positive,1
2014-03-27,Macquarie Upgrades Alcoa Inc. to Neutral,Negative,-1
2014-03-28,Market Wrap For March 28: Markets Still Positive Despite Giving Up Early Gains,Negative,-1
2014-04-01,Market Wrap For April 1: S&P 500 Hitting New All-Time High Not An April Fools' Joke,Negative,-1
2014-04-02,Market Wrap For April 2: Markets On Four-Day Winning Streak,Negative,-1
2014-04-04,Benzinga Weekly Preview: Fed Minutes To Shed Light On The Bank's Future,Positive,1
2014-04-06,Earnings Expectations For The Week Of April 7: New Season Kicks Off,Negative,-1
2014-04-07,"Earning and Economic Calendar for Tuesday April 8, 2014",Positive,1
2014-04-08,"Agilent Technologies Reports Paul Clark, James Cullen Have Been Named to Keysight Board",Positive,1
2014-04-09,Market Wrap For April 9: Investors Breathe Sigh Of Relief Over Rate Worries,Negative,-1
2014-04-10,"Option Alert: Alcoa Jan $15 Call; 23,341 Contract Trade Between Bid and Ask @$0.60; Currently $12.80",Positive,1
2014-04-11,"Fitch Cuts Alcoa to Junk, Rating Now BB+ from BBB-",Neutral,0
2014-04-17,"#PreMarket Primer: Thursday, April 17: Violence In Ukraine Could Deter Thursday's Negotiations",Neutral,0
2014-04-23,S&P Affirms Ratings on Alcoa; Outlook Negative,Positive,1
2014-05-01,Alcoa Board Approves Quarterly Dividends,Positive,1
2014-05-05,"TD Ameritrade's IMX Declines: Equity Market Exposure Decreased, Net Buying Favored Tech",Neutral,0
2014-05-08,Agilent Announces NFC Conformance Test System,Positive,1
2014-05-09,"Northcoast Research Initiates Coverage on Alcoa Inc. at Buy, Announces $17.00 PT",Positive,1
2014-05-12,Market Wrap For May 12: Dow And S&P Close At Record Highs,Positive,1
2014-05-14,"Agilent Technologies, Inc. Sees FY2014 EPS $2.96-3.16 vs $3.08 Est; Sees Sales $6.90B-7.10B vs $6.98",Positive,1
2014-05-15,Agilent Reports Q2 Earnings; Shares Slip,Positive,1
2014-05-19,U.S. Directly Accuses Chinese Government Of Online Economic Espionage,Neutral,0
2014-05-21,Agilent Announces Dominque Grau SVP Human Resources,Positive,1
2014-05-29,Market Wrap For May 29: Investors Welcome Another Record High For The S&P 500,Negative,-1
2014-06-02,"Market Wrap For June 2: Dow, S&P Continue Rising, Nasdaq Slightly Lower",Negative,-1
2014-06-04,"Agilent Adjusts Q2 GAAP EPS from $0.45 Reported on May 14th to $0.41, No Changes to Adj. EPS",Positive,1
2014-06-05,#Premarket Prep Technical Update - Alcoa Trading Over $14.00,Positive,1
2014-06-09,Agilent Announces Collaboration With Nippon Avionics For Thermal Imager Solutions,Negative,-1
2014-06-12,BMO Capital Upgrades Alcoa Inc. to Market Perform,Negative,-1
2014-06-16,Alcoa Has Entered Non-Binding Letter of Intent with Noble Resources for Sale of Alcoa Minerals of Ja,Positive,1
2014-06-17,Market Wrap For June 17: Markets Higher Ahead Of Fed Decision,Negative,-1
2014-06-18,1.2M Share Block Trade in Alcoa @$14.60 at 3:18 PM ET,Positive,1
2014-06-23,Morgan Stanley Sees Good Market Position For Alcoa,Negative,-1
2014-06-24,"Agilent, China Mobile Announce Collaboration on Next-Gen 5G Wireless Communication Systems",Negative,-1
2014-06-26,"Benzinga's M&A Chatter for Thursday June 26, 2014",Positive,1
2014-06-27,No More Gogo For This Week's Momo,Positive,1
2014-06-30,"Alcoa Shares Continue To Fall, DOwn ~1.5 Percent to $14.70",Neutral,0
2014-07-03,"Dow Trades Above 17,000 While S&P 500 Inches Closer To 2,000",Positive,1
2014-07-05,Benzinga Weekly Preview: Markets Looking For Hints From The BOE About A Rate Hike,Positive,1
2014-07-06,"Earnings Expectations For The Week Of July 7: Alcoa, Wells Fargo And More",Positive,1
2014-07-07,Markets Marginally Lower Ahead Of Earnings Season,Neutral,0
2014-07-08,Alcoa Swings To Q2 Profit; Beats Top And Bottom Street Views,Negative,-1
2014-07-09,Alcoa Shares Rise After-Hours on Positive Jim Cramer/Mad Money Comments,Negative,-1
2014-07-10,Stocks Close Lower On Economic Concerns In Europe,Neutral,0
2014-07-11,#Premarket Prep Technical Update - Agilent Finding Support,Positive,1
2014-07-14,Dow Sets New Intraday High; Citigroup Impresses With Earnings,Negative,-1
2014-07-15,"Firth Rixson, United Technologies Sign 10-Year, $1B Aero Engine and Landing Gear Agreement",Negative,-1
2014-07-21,"Alcoa Director Morris Buys 30,120 Shares @$16.54/Share -Form 4",Positive,1
2014-07-25,Gartman Sees Alcoa Shares Hitting $40; CEO Sells At $16,Negative,-1
2014-07-31,Dow Suffers 300 Point Drop; S&P 500 And NASDAQ Also Tumble,Neutral,0
2014-08-06,Gain An Inside Edge In Your ETF Portfolio,Positive,1
2014-08-07,Nomura Says Aluminum Rally Is Overdone,Neutral,0
2014-08-12,"#PreMarket Primer: Tuesday, August 12: NATO Reports 'High Probability' Of Russian Invasion",Neutral,0
2014-08-14,"Markets Gather Some Momentum As Volume Remains Light, Geopolitical Tension Improving",Neutral,0
2014-08-25,"S&P 500 Hits 2,000 Milestone As Bullish Momentum Continues",Negative,-1
2014-09-02,Agilent Technologies Launches ClearSeq AML Sequencing Cancer Research Panels,Positive,1
2014-09-08,"Morgan Stanley Initiates Coverage on Agilent Technologies, Inc. at Equalweight, Announces $62.00 PT",Positive,1
2014-09-09,Top 4 Stocks In The Aluminum Industry With The Highest Revenue,Positive,1
2014-09-11,"United States Steel Corporation, Pandora Media Inc Highlight CNBC's Stock Pops & Drops From Septembe",Positive,1
2014-09-15,Alcoa Reports Proposed Public Offering of 25M in Mandatory Convertible Preferred Shares,Positive,1
2014-09-16,Dow Makes Record High As Volume Picks Up,Negative,-1
2014-09-17,"Agilent Reports Board Has Approved Separation of Keysight, Declaring Special Distribution of Keysigh",Positive,1
2014-09-18,"Stocks To Watch For September 18, 2014",Positive,1
2014-09-19,Agilent Announces Partial Redemption Of Outstanding 6.5% Senior Notes,Positive,1
2014-09-23,"Tigress Posts Buy Ratings On Alcoa Inc, Kaiser Aluminium Corp.",Positive,1
2014-09-25,UPDATE: Stifel Reiterates On Alcoa Inc On Raised 3Q14 EPS Estimates,Positive,1
2014-09-29,8-K from Agilent Shows Co. Received Letter from DoJ Disclosing Inquiry Has Been Closed,Positive,1
2014-09-30,Benzinga's Top Upgrades,Positive,1
2014-10-02,"BTIG Research Initiates Coverage on Agilent Technologies, Inc. at Neutral",Positive,1
2014-10-03,UPDATE: BTIG Research Initiates Coverage On Agilent Technologies Following Keysight Separation,Positive,1
2014-10-05,"Earnings Expectations For The Week Of October 6: Alcoa Inc, PepsiCo, Inc. & More",Positive,1
2014-10-06,Keysight Technologies Announces Pricing of $1.1B Offering,Positive,1
2014-10-07,"#PreMarket Primer: Tuesday, October 7: Negotiations In Hong Kong Expected To Be Difficult",Positive,1
2014-10-08,Alcoa Inc. Q3 Beats Street Views; Touts Repositioning Strategy,Positive,1
2014-10-09,Alcoa On Low Of Day At $15.44,Neutral,0
2014-10-10,"Tech, Semiconductors Among Worst Performers As Sell-Off Continues",Neutral,0
2014-10-13,Alcoa Manufactures World's Largest Single-Piece Forged Aluminum Hull For Combat Vehicles To Improve ,Negative,-1
2014-10-14,Agilent Technologies Announces Closure of Its Nuclear Magnetic Resonance Business,Neutral,0
2014-10-15,"Option Alert: Agilent Feb $52.5 Call; 1,939 Contract Trade at Ask @$2.79; Currently $50.51",Positive,1
2014-10-17,"Agilent Technologies Unit Enters Notes Pact, Proceeds For Cash Distribution To Agilent",Positive,1
2014-10-20,UPDATE: Bank Of America Reiterates On Agilent Technologies Following Investor Presentations,Positive,1
2014-10-23,Alcoa to Sell Ownership Stake in Mt. Holly Smelter to Century Aluminum For $67.5M,Positive,1
2014-10-27,"Keysight Tech to Replace Universal Corp. in S&P MidCap 400, Universal to Replace Rubicon, Halyard He",Positive,1
2014-10-29,"Morgan Stanley Maintains Equal-weight on Agilent Technologies, Inc., Raises PT to $55.00",Negative,-1
2014-10-31,"Alcoa Offers Notice of Pendency, Proposed Settlement of Holder Derivative Actions",Positive,1
2014-11-03,Agilent Technologies Granted Dismissal in Patent Infringement Suit Brought by Genetic Technologies,Neutral,0
2014-11-04,Top 4 NYSE Stocks In The Medical Laboratories & Research Industry With The Highest ROE,Negative,-1
2014-11-07,"#PreMarket Primer: Friday, November 7: Boehner Reveals Intentions To Modify Obamacare",Positive,1
2014-11-17,Agilent Technologies Reports Narrow EPS Miss,Neutral,0
2014-11-18,"Mid-Day Market Update: SunEdison, TerraForm Jump On First Wind Acquisition; TJX Shares Drop",Neutral,0
2014-11-20,UPDATE: Alcoa's Revenues Expected to Increase by $1.6B in 2016 from Firth Rixson Acquisition,Negative,-1
2014-11-21,"Metal Stocks Rally, Gold Stocks Slumber",Neutral,0
2014-11-25,Alcoa Surges On Toyota's Aluminum Plans,Negative,-1
2014-11-28,Drop In Iron Ore Hitting Mining ETFs,Neutral,0
2014-12-01,Alcoa Completes Sales Of Two Upstream Assets,Positive,1
2014-12-04,Alcoa Unveils Next-Generation Aluminum Materials Through Breakthrough Manufacturing Technology,Negative,-1
2014-12-06,What CEOs Are Saying About Washington Politics,Positive,1
2014-12-10,"SNC-Lavalin Group Member, Kentz Awarded 4-year Contract by Qatar Shell",Negative,-1
2014-12-11,"Alcoa Reports Doubling of High-Tech Coating Capacity in Michigan, Expansion Totaling $16.7M",Negative,-1
2014-12-15,Alcoa's CEO On TITAL Acquisition And Effects On Business From Lower Oil Prices,Neutral,0
2014-12-16,"#PreMarket Primer: Tuesday, December 16: Industrial Activity In China Adds To Growing Concern About ",Negative,-1
2014-12-17,Morgan Stanley Hikes Alcoa's Q4 Estimates,Neutral,0
2014-12-18,How Alcoa Stands Out In A Strong Industry,Positive,1
2014-12-21,Alcoa Announces Refinery at Ma'aden-Alcoa Joint Venture Produces First Alumina from Saudi Bauxite,Positive,1
2014-12-30,59 Financial Experts Just Revealed What 2015 Could Bring,Positive,1
2015-01-08,Dubai International Capital Seeking Sale of German Alumina Products Maker Almatis; Has Hired Barclay,Positive,1
2015-01-09,"Option Alert: Alcoa Jan $17 Call; 5,000 Contract Trade at Ask @$0.12; Currently $16.04",Positive,1
2015-01-11,4 Q4 Earnings Stories To Keep An Eye On,Positive,1
2015-01-12,Agilent Introduces GenetiSure Pre-Screen Kit,Positive,1
2015-01-13,CNBC's Stock Pops & Drops From January 13,Neutral,0
2015-01-14,Can This Tech Giant (That Returned 41% In 2014) Keep Running?,Positive,1
2015-01-23,Notable Option Activity For January 23:,Positive,1
2015-01-26,Benzinga's Top #PreMarket Losers,Positive,1
2015-01-29,Alcoa Flies To Resell 36M Shares Of Common Stock By Selling Shareholders,Positive,1
2015-01-30,Alcoa Opens Expanded Wheel Manufacturing Faclitiy in Hungary,Positive,1
2015-02-09,Alcoa and Century Aluminum Fall Amid JP Morgan Downgrades,Neutral,0
2015-02-10,"S&P 500 Stocks With Most Active Options Today: BXP, A, PSA, TE, PCL, GRMN",Positive,1
2015-02-13,"Simons-Founded Renaissance Technologies Buys Apple, Closes Facebook, Trims McDonald's In Q4",Positive,1
2015-02-16,"Agilent's Dako, ONO PHARMACEUTICAL, Announce Partnership to Develop PD-L1 Companion Diagnostic Test ",Negative,-1
2015-02-17,"Agilent Sees FY15 Adj. EPS $1.67-$1.73 vs $1.73 Est., Sales $4.06B-$4.12B vs $4.12B Est.; Sees Q2 Ad",Positive,1
2015-02-18,Agilent Technologies Begins Innovative Cloning Kit,Positive,1
2015-02-25,BTIG Research Upgrades Agilent Technologies to Buy,Negative,-1
2015-02-26,"Option Alert: AA May $15 Put 3,571 Traded vs 78 OI",Positive,1
2015-03-03,Alcoa Completes Acquisition of TITAL,Positive,1
2015-03-04,Alcoa Facing Resistance: A Technical Look,Positive,1
2015-03-05,CNBC's Stock Pops & Drops From March 4,Neutral,0
2015-03-06,Citi Updates Bullish Stance On Alcoa,Positive,1
2015-03-08,Will Apple And AT&T Break This Dow Transition Pattern?,Positive,1
2015-03-09,"Benzinga's M&A Chatter for Tuesday March 9, 2015",Positive,1
2015-03-10,UBS Initiates Coverage on Agilent Technologies at Neutral,Positive,1
2015-03-14,"Stocks Just Fell For A Third Consecutive Week, But Does The Market Deserve The Benefit Of The Doubt?",Neutral,0
2015-03-17,"Alcoa Continues Reshaping Upstream Business, 443,000 Metric Tons of Suralco's Refining Capacity to b",Neutral,0
2015-03-18,Why Alcoa's Latest Curtailment Won't Do Anything For Earnings,Positive,1
2015-03-24,Agilent's Dako Unit Reports Expanded Collaboration Deal with Amgen for Companion Diagnostics,Negative,-1
2015-03-29,3 Earnings To Bring This Season To A Close,Negative,-1
2015-03-30,"Agilent Tech Reports Rigaku To Buy Agilent's X-Ray Diffraction Business, No Terms Disclosed",Positive,1
2015-04-02,Analyst: Why I'm Bullish On Alcoa's Aerospace Plan,Negative,-1
2015-04-05,It's Back: Alcoa Kicks Off The Unofficial Start To Earnings Season,Positive,1
2015-04-06,"Jobs Report Stinker Leaves Fed Call, Stocks Move Up In The Air",Negative,-1
2015-04-08,"Kleinfeld: RTI regulatory and shareholder approval should take another 2-5 months. It's ""well on tra",Positive,1
2015-04-09,Stifel Lowers Alcoa's Price Target By A Buck,Negative,-1
2015-04-10,CNBC's Stock Pops & Drops From April 9,Neutral,0
2015-04-13,"Alcoa Director Tata Buys 3,405 Shares @$13.14/Share -Form 4",Positive,1
2015-04-17,Top 4 Stocks In The Aluminum Industry With The Highest Gross Margin,Negative,-1
2015-04-22,Why Cleveland Research Is Initiating Alcoa At Neutral,Positive,1
2015-04-23,Agilent Announces Collaboration with National University of Singapore Bioanalytical Studies,Negative,-1
2015-04-30,Moody's Changes Alcoa's Outlook To Positive; Affirms All Ratings,Negative,-1
2015-05-01,Is Aluminum On The Rebound?,Positive,1
2015-05-04,"Agilent Announces Purchase of Catagenia, No Terms Disclosed",Positive,1
2015-05-05,TD Ameritrade's Investor Movement Index Out For April,Positive,1
2015-05-06,Universal Alloy Offers Statement Related to 'Baseless' Suit by Alcoa,Neutral,0
2015-05-18,"Momo, Take-Two, Urban Outfitters Lead Monday's After-Hours Movers",Positive,1
2015-05-19,Morning Market Losers,Positive,1
2015-05-20,What's Agilent Worth Now?,Positive,1
2015-05-21,U.S. Companies Who Fell Victim To Hacking Attacks Get Government Support,Positive,1
2015-05-26,Goldman's 7 Auto Industry Megatrends For The Next Decade,Positive,1
2015-05-28,Agilent Announces $1.14B Buyback Plan,Positive,1
2015-06-02,"Barclays Analyst Commenting on Strength in Metals, Mining Names: Says Not Seeing Anything Special Re",Neutral,0
2015-06-04,Berger: Alcoa 'Ripe For An Oversold Bounce Trade',Neutral,0
2015-06-11,"Agilent Tech, Waters Corp. Announce Formal Agreement To Exchange Instrument Controls To Improve Prod",Negative,-1
2015-06-12,"Agios Reports New, Final Data from Phase 1 Multiple Ascending Dose (MAD) Study in Healthy Volunteers",Positive,1
2015-06-22,Alcoa Continues To Move Lower,Negative,-1
2015-06-24,Agilent Shares Spike to Higher With Unusual Call Activity,Negative,-1
2015-06-25,Shares of Agilent Selling Off Following News of Thermo Fisher Acquisition; Heavy Call Activity in Bo,Neutral,0
2015-06-29,"Plenty Packed Into Stock Market's Holiday Week: Greece Crisis, Payrolls",Positive,1
2015-07-05,"Materials, Europe And China ETFs To Watch This Week",Positive,1
2015-07-06,"Alcoa Earnings Preview: Crowd, Experts Have Bullish Expectations",Negative,-1
2015-07-08,"Why Alcoa, WD-40, Alibaba, Herbalife, Anthera Pharma Are Moving After-Hours",Positive,1
2015-07-09,"Morningstar: $19 Fair Value For Alcoa, 'Upside Potential From Here'",Negative,-1
2015-07-23,Filing from Alcoa Shows Registration for ~39.4M Shares of Common Stock,Positive,1
2015-07-31,"Jim Cramer Shares His Thoughts On Seadrill, Transocean, Fiat Chrysler, Alcoa, Texas Roadhouse, Denny",Positive,1
2015-08-04,Benzinga's Top Upgrades,Positive,1
2015-08-11,Mid-Day Market Update: Tuesday's Top 10 Volume Stocks,Positive,1
2015-08-14,13F from Soros' Soros Fund Mgmt Shows New ~5.3M Share Stake in Alcoa,Positive,1
2015-08-17,Agilent Beats Q3 Expectations,Negative,-1
2015-08-18,Watch These After-Hours Movers On Tuesday,Positive,1
2015-08-21,5 U.S. Stocks Suffering From China Exposure,Neutral,0
2015-08-23,"Glick: If I Had To Buy One Stock, It'd Be Alcoa",Positive,1
2015-08-28,Option Alert: $AA Sep 4 $9.5 Call; Vol 13536 vs 1458 OI; Now $9.35,Positive,1
2015-09-02,Agilent Technologies No Longer to Include Orders in Financial Reporting,Positive,1
2015-09-03,3D Printing Facility Could Be Alcoa's Path To Modernization,Positive,1
2015-09-08,Why Bank Of America Went Bullish On Alcoa,Positive,1
2015-09-09,Agilent Technologies To Acquire Seahorse Bioscience FOr $235M Cash; Seahorse FY15 Rev. Estimated At ,Negative,-1
2015-09-10,"8-K from Opthotech Shows Co. Entered Into Commercial Manufacturing, Supply Deal with Agilent",Negative,-1
2015-09-14,Aloca Announces Commercialization of Micromill Technology with Danieli Group,Positive,1
2015-09-15,"Bruker Corp Has 'Great Story,' But It's Not Time To Jump In Yet",Positive,1
2015-09-16,This Part Of Alcoa's Business Is Flying Under The Radar,Positive,1
2015-09-17,Top 4 Stocks In The Aluminum Industry With The Highest EPS Growth Forecast For Next 5 Years,Negative,-1
2015-09-22,"Aluminum Demand to Grow to 78M Tonnes by 2025, According to Rio Tinto's CEO for Aluminum -Reuters",Negative,-1
2015-09-23,"Jim Cramer Shares His Thoughts On Bank of America, Alcoa And VeriFone Systems",Positive,1
2015-09-27,Costco And Micron Lead Calm Before The Earnings Storm,Positive,1
2015-09-28,"Week Ahead: Budget Battle, Fedspeak, Jobs Data Divert Street Focus To D.C.",Positive,1
2015-09-29,USW Comments on Proposed Alcoa Split,Positive,1
2015-09-30,Option Alert: $AA Nov $10 Put Sweep; 2562 Contracts above Ask @$1.04; Now $9.47,Positive,1
2015-10-02,"Dako, an Agilent Technologies Company, Announces FDA Approval of New Companion Diagnostic for Lung C",Negative,-1
2015-10-04,"Alcoa, PepsiCo Kick Off Q3 Earnings Season",Negative,-1
2015-10-05,"Agilent Company Dako, Announces FDA Approval of New Companion Diagnostic for Lung Cancer",Negative,-1
2015-10-06,Alcoa Inc Surges For Third Day In A Row,Negative,-1
2015-10-07,Probes Reporter Sees 'Real Danger' In Alcoa's RTI Deal,Neutral,0
2015-10-08,"Thursday's After-Hours Movers Led By Alcoa, Ruby Tuesday, AngioDynamics And Hellen Of Troy",Positive,1
2015-10-09,"Dako, an Agilent Technologies Company, Announces FDA Approval of New Test for Lung Cancer Patients",Negative,-1
2015-10-12,US Stock Futures Flat Ahead Of Fed Speakers,Neutral,0
2015-10-15,June 13 Fed Update,Positive,1
2015-10-26,"JPMorgan Stake Reports 0.9% Passive Stake in Alcoa as of October 13, 2015 vs 5.6% at December 31, 20",Positive,1
2015-11-02,Alcoa to Curtail Smelting And Refining Capacity,Neutral,0
2015-11-04,UPDATE: Alcoa On Track To Separate Into 2 Public Companies By 2H16,Positive,1
2015-11-05,Agilent Reports Instrument Control Exchange Deal with Thermo Fisher Scientific,Negative,-1
2015-11-09,"Why Nomura Is Downgrading Alcoa, Century",Positive,1
2015-11-13,Baupost Shows New ~52M Share Stake in Alcoa,Positive,1
2015-11-16,Glenview Shows New ~4.6M Share Stake in Agilent Tech,Positive,1
2015-11-17,US Stock Futures Surge Ahead Of Wal-Mart Earnings,Negative,-1
2015-11-23,"UPDATE: Alcoa Says Elliott Advised Co of their Ownership of AA Shares Several Weeks Ago, Shortly Aft",Negative,-1
2015-11-24,Alcoa Announces Post-Separation Executive Management Teams,Positive,1
2015-11-25,"China's Aluminium, Nickel Producers Ask State to Buy Surplus Metal -Reuters",Positive,1
2015-12-06,Barron's Recap: Top Picks For 2016,Positive,1
2015-12-08,"Goldman Upgrades Agilent Technologies, FEI Company And Myriad Genetics",Positive,1
2015-12-09,Benzinga's Top Upgrades,Positive,1
2015-12-14,Miners: The Best Way To Play A Rate Hike?,Positive,1
2015-12-17,"Alcoa Reports Multi-Year Deal with Boeing, Contracts Valued at $2.5B+",Negative,-1
2015-12-19,Bet On A Resources Rebound With This New ETF,Negative,-1
2015-12-28,Transocean Announces Shell Early Termination of Polar Pioneer Contract,Neutral,0
2015-12-29,"UBS Says 5 Most Shorted Stocks On Monday Were TSLA, CAT, NFLX, AA, & BABA According To Client Concen",Positive,1
2016-01-03,Earnings Expectations: Little Excitement For Bed Bath & Beyond And Monsanto,Positive,1
2016-01-04,Option Alert: AA Jan16 9.0 Puts Sweep: 2106 @ ASK $0.22: 2218 traded vs 20k OI: Earnings 1/11 After ,Positive,1
2016-01-06,Deutsche Bank Initiates Coverage on Agilent Technologies at Hold,Positive,1
2016-01-07,Benzinga's Top Upgrades,Positive,1
2016-01-08,Option Alert: AA Jan16 9.0 Calls: 5000 @ Above Ask! $0.12: 5331 traded vs 19k OI: Earnings 1/11 Afte,Positive,1
2016-01-10,Earnings Season Kicks Off: Alcoa And Intel,Positive,1
2016-01-11,4 Stocks Moving In Monday's After-Hours Session,Neutral,0
2016-01-12,"Another No Good, Very Bad Day For The Market?",Neutral,0
2016-01-14,Stocks Hitting 52-Week Lows,Neutral,0
2016-01-20,"Over 1,000 Stocks On The NYSE Just Hit 52-Week Lows",Neutral,0
2016-01-21,Option Alert: AA Mar16 7.0 Puts Sweep: 9604 @ ASK $0.66: 10k traded vs 4585 OI: $6.95 Ref,Positive,1
2016-01-25,"Amended 13D Filing from Elliott on Alcoa Shows Elliott, Elliott Int'l, EICA Has Combined Economic Ex",Positive,1
2016-01-28,"Alcoa Wins Another Major Contract, Investors Shrug Off News",Negative,-1
2016-02-01,UPDATE: Alcoa To Now Recognize An Increase In EPS Loss From ($0.39) To ($0.55),Negative,-1
2016-02-03,Alcoa Sidesteps Board Room Battle,Positive,1
2016-02-04,"Alcoa 8-K Confirms Schmidt, Plant, And Mahoney Board Positions And Increase In Board From 12 To 15",Negative,-1
2016-02-12,13F Shows Baupost Group Liquidates Stake In Alcoa,Positive,1
2016-02-16,Earnings Recap For February 16,Positive,1
2016-02-17,"Baird Maintains Outperform on Agilent Technologies, Lowers PT to $46.00, Says FY 2016 Upside Offers ",Neutral,0
2016-02-29,25 Headlines Moving The Markets This Week,Positive,1
2016-03-02,"Cowen &amp; Company Maintains Market Perform on Alcoa, Lowers PT to $10.00, Says Co Facing Substanti",Neutral,0
2016-03-03,Benzinga's Top Initiations,Positive,1
2016-03-08,"Amedisys Reports Q4 Corp Ops $0.40 Vs Est $0.35, Sales $338.4M Vs Est $322.01M",Positive,1
2016-03-11,U.S. Metals: Balancing A Constructive Domestic Macro Environment Against China Risks,Negative,-1
2016-03-15,Alcoa Announces Future Value-Add Co. Will Be Named 'Arconic',Positive,1
2016-03-16,Bank Of America: Steel Dynamics A Better Bet Than U.S. Steel,Negative,-1
2016-03-17,"Nomura Downgrades Vale, BHP Billiton From Buy To Neutral",Neutral,0
2016-03-23,Option Alert: AA Apr16 9.5 Puts Sweep: 3345 @ ASK $0.52: 3442 traded vs 360 OI: Earnings 4/11 After ,Positive,1
2016-03-29,Option Alert: AA Apr16 9.0 Puts Sweep: 2500 @ ASK $0.22: 2526 traded vs 31k OI: Earnings 4/11 After ,Positive,1
2016-03-30,Alcoa Announces Will Sell Stake in Australian Nat Gas Pipeline to Duet Group for ~$154M,Positive,1
2016-03-31,Moody's Confirms Alcoa's Ratings (Ba1 CFR); Outlook Negative,Negative,-1
2016-04-06,Agilent Subsidiary Dako Reports Commercial Availability Of New Lung Cancer Test In EU,Negative,-1
2016-04-07,Agilent Reports Deal with Applied Spectral Imaging for Co-Marketing of Fluorescence In Situ Hybridiz,Positive,1
2016-04-11,"Monday's After-Hours Recap: Index Movers, Alcoa's Earnings & More",Positive,1
2016-04-12,Alcoa Drops 3% Following Sales Miss,Neutral,0
2016-04-13,Alcoa: The Day After Its Q1 Report,Positive,1
2016-04-14,"After-Hours Recap: Big Banks, Liquidity Services's DoD Deal, Haemonetics' CFO & More",Positive,1
2016-04-18,Agilent Technologies Unveils New Software To Help Researchers,Negative,-1
2016-04-20,"Director Sorrell Buys 2,100 Shares of Alcoa @$10.36/Share -Form 4",Positive,1
2016-04-22,"8-K from Alcoa Shows Co. Will Become Owner of Rolling Mill at Warrick Operations, Stake in Ma'aden R",Positive,1
2016-04-26,Rosenblatt Initiates Coverage on Alcoa at Buy,Positive,1
2016-04-27,Option Alert: AA Jul16 11.0 Puts Sweep: 3131 @ ASK $0.72: 3294 traded vs 678 OI: $11.29 Ref,Positive,1
2016-04-28,"Dir Schmidt Buys 5,000 Shares of Alcoa @$10.25/Share -Form 4",Positive,1
2016-05-03,Agilent Technologies Launches New Atomic Spectroscopy Platform,Positive,1
2016-05-04,"Big Volume In Alcoa, Seeing Action In The Jan17 $11 Calls",Negative,-1
2016-05-05,SEC To Wall Street: No More Non-GAAP Accounting... For Real This Time,Positive,1
2016-05-10,Agilent Technologies Launches InfinityLab,Positive,1
2016-05-11,Goldman Adds Agilent To Conviction List: 'EPS Drivers Are Underappreciated',Neutral,0
2016-05-16,Agilent Q2'16 Earnings Conference Call: Full Transcript,Positive,1
2016-05-17,Benzinga's Volume Movers,Positive,1
2016-05-23,'The Little Engine That Could': Bank Of America Upgrades Alcoa,Positive,1
2016-05-25,Option Alert: AA Jul16 11.0 Calls Sweep: 3489 @ ASK $0.20: 3786 traded vs 153k OI: Earnings 7/11 Aft,Positive,1
2016-05-31,Alcoa Vs. Alumina Limited: Sterne Agee CRT's Take,Positive,1
2016-06-08,7 Takeaways From Agilent's 10Q,Positive,1
2016-06-09,Watch These 7 Huge Call Purchases In Thursday Trade,Positive,1
2016-06-14,February 27 Earnings Update,Positive,1
2016-06-15,Bank Of America Calls Steel Prices 'As Good As It Gets',Negative,-1
2016-06-22,Option Alert: AA Fri 7/22 10.0 Calls (Wkly) Sweep: 1358 @ ASK $0.50: 1385 traded vs 491 OI: Earnings,Positive,1
2016-06-27,Agilent Technologies Announces Its Plan To Acquire Assets of iLab Solutions,Positive,1
2016-06-29,New Details On Alcoa's Plans To Split Into 2 Companies,Positive,1
2016-06-30,"Analysts' Focus On Alcoa Shifts Away From Company Split, Back To Earnings",Positive,1
2016-07-07,Fitch Removes Alcoa's 'BB+' IDR from Evolving Watch; Outlook Stable,Positive,1
2016-07-08,Brexit Bumped Out Of The Market's Mind By Impending Earnings Season,Neutral,0
2016-07-11,"Alcoa Subsidiary APGI To Sell 4 Hydroelectric Power Plants, Terms Not Disclosed",Positive,1
2016-07-12,Record Highs For Dow Jones And S&P 500,Negative,-1
2016-07-13,Stocks Hitting 52-Week Highs,Negative,-1
2016-07-22,"BTIG Research Assumes Agilent Technologies at Buy, Announces $55.00 PT",Positive,1
2016-07-27,"UPDATE: Alcoa To Hold Special Meeting Oct. 5th, 2016 To Seek Shareholder Approval On 1-for-3 Reverse",Positive,1
2016-08-02,"Notable Stocks Trading Ex-Dividend Wednesday, August 3",Positive,1
2016-08-17,"After-Hours Action: Cisco, Agilent, NetApp And L Brands On The Move",Positive,1
2016-08-18,BTIG Thinks Agilent's Transformation Is In The Early Innings,Positive,1
2016-08-24,Alcoa Names Kate Hargrove Ramundo Future Arconic Chief Legal Officer,Positive,1
2016-08-25,A Cascade Of Corporate Exec Hires This Week,Positive,1
2016-09-01,Jim Cramer Gives His Opinion On Alcoa And Under Armour,Positive,1
2016-09-07,Goldman's 7 Favorite Biotech Ideas For 2016,Positive,1
2016-09-09,Seaport Global Initiates Coverage on Alcoa at Neutral,Positive,1
2016-09-13,Option Alert: AA Nov16 10.0 Calls Sweep: 1992 @ ASK $0.45: 2001 traded vs 990 OI: Earnings 10/10 Aft,Positive,1
2016-09-14,Watch These 7 Huge Call Purchases In Wednesday Trade,Positive,1
2016-09-16,Option Alert: AA Fri 10/28 8.5 Puts (Wkly) Sweep: 2264 @ ASK $0.22: 3874 traded vs 35 OI: Earnings 1,Positive,1
2016-09-19,Watch These 5 Huge Put Purchases In Monday Trade,Positive,1
2016-09-20,"Alcoa Inc. Reports Proposed Debt Offering In Connection with Separation, Pricing & Terms Are Subject",Positive,1
2016-09-29,Aloca Board Approves Separation Of Company,Positive,1
2016-10-03,"Morgan Stanley Sees Alcoa Posting A 'modest beat' For Q3, Expects Guidance To Be Cut, Maintains Over",Neutral,0
2016-10-04,"Modest Estimate Beat, Guidance Cut Expected From Alcoa's Q3",Neutral,0
2016-10-05,"Alcoa Reports Closing Of 1-For-3 Reverse Stock Split, Will Begin Trading At Split-Adjusted Basis Oct",Positive,1
2016-10-07,The Market In 5 Minutes: Unemployment Rate A Tick Higher,Neutral,0
2016-10-10,Will This Be The 5th Straight Quarter Of An S&P 500 Earnings Decline?,Neutral,0
2016-10-11,"'Sell Rosh Hashanah, Buy Yom Kippur' Working To Perfection In 2016",Negative,-1
2016-10-12,Earnings Season On Deck: How Has Q3 Guidance Looked So Far?,Positive,1
2016-10-14,Big Banks Off To A Good Start,Negative,-1
2016-10-20,"Jim Cramer Shares His Thoughts On Fitbit, HP Inc, Alcoa And Expedia",Positive,1
2016-10-28,UPDATE: Hearing All Passengers Evacuated from American Airlines Flight and are Safe,Neutral,0
2016-11-01,"10 Notable Stocks Trading Ex-Dividend Wednesday, November 2",Positive,1
2016-11-02,Bank of America Initiates Coverage On Arconic Inc. Common Stock at Underperform,Neutral,0
2016-11-07,Benzinga's Top Initiations,Positive,1
2016-11-10,"Leerink Swann Assumes Agilent Technologies, Inc. Common Stock at Outperform",Neutral,0
2016-11-15,"Agilent Technologies Sees FY17 Rev. $4.35B-$4.37B vs. Est. $4.35B, EPS $2.10-$2.16 vs. Est. $2.19; Q",Positive,1
2016-11-16,"The Market In 5 Minutes: DryShips, Trump And Target",Positive,1
2016-11-25,"Alcoa Shares, Over Last Few Mins, Spike Higher Above $31.20 Support Level; Stock Now Up 1% for Sessi",Negative,-1
2016-12-01,Deutsche Bank Says Sell Alcoa,Positive,1
2016-12-06,Pressure Biosciences CEO On Its Beaten Down Stock: 'We Can Now Begin To Focus On The Area That Is Mo,Neutral,0
2016-12-09,Argus Initiates Shares Of Alcoa With Buy Rating and $36 PT,Positive,1
2016-12-13,Arconic Reports It Has Signed $450M In Long-Term Agreements Over Past Year For Alcoa Wheels,Negative,-1
2016-12-20,Agilent to Buy Multiplicom for €68M in Cash,Positive,1
2017-01-03,"Alcoa Corporation to Permanently Close Suralco Refinery, Will Incur $90M In Restructuring-Related Ch",Neutral,0
2017-01-04,7 Biggest Price Target Changes For Wednesday,Positive,1
2017-01-09,Here Are The Brands Investors Were Buying And Selling In December,Positive,1
2017-01-11,Hearing Thermo Fisher In Talks To Buy Agilent,Positive,1
2017-01-18,Deutsche Bank Optimistic On Fundamentals In Life Science Tools/Diagnostics Sector,Positive,1
2017-01-19,Option Alert: Alcoa Feb 36.0 Calls: 4320 @ ASK $1.55: 4335 traded vs 112 OI: Earnings 1/24 After Clo,Positive,1
2017-01-20,Watch These 7 Huge Call Purchases In Friday Trade,Positive,1
2017-01-24,"Alcoa Reports Q4 Adj EPS $0.14 vs $0.19 Est, Revenue $2.5B vs $2.46B Est",Neutral,0
2017-01-25,18 Biggest Mid-Day Gainers For Wednesday,Positive,1
2017-01-27,A CEO Who's Who Of Trump's Manufacturing Council,Positive,1
2017-02-02,"Benzinga's Top Upgrades, Downgrades For February 2, 2017",Neutral,0
2017-02-03,Bank of America Upgrades Alcoa To Buy,Positive,1
2017-02-08,Amended S-1 from Alcoa Shows Registration for 36.3M Share Common Stock Offering via Selling Holders,Positive,1
2017-02-13,"Steel, Aluminum Shares Higher as China Considers Imposing More Cuts on Producters in Effort to Contr",Negative,-1
2017-02-14,Agilent Raises FY17 Outlook,Positive,1
2017-02-15,5 Biggest Price Target Changes For Wednesday,Positive,1
2017-03-02,"UPDATE: Alcoa Says Aluminum Smelting, Cast Products, Rolled Products Businesses, Majority of Energy ",Positive,1
2017-03-06,9 Stocks That Were Net Sold By Retail Investors In February,Positive,1
2017-03-08,"Cowen Annual Healthcare Conference Concludes Today; Presenters Include Agilent Tech, Incyte, GW Phar",Positive,1
2017-03-13,The Technician's Playbook: 11 Sector Pair Trades,Positive,1
2017-03-15,Agilent Names Koh Boon Hwee Chair,Positive,1
2017-03-16,Pete Najarian Sees Unusual Options Activity In Alcoa,Neutral,0
2017-03-20,"Jim Cramer Shares His Thoughts On McEwen Mining, Chipotle And Allegheny",Positive,1
2017-03-24,"Benzinga's Top Upgrades, Downgrades For March 24, 2017",Neutral,0
2017-03-30,Alcoa Shares Spike ~$0.40 Over Last Few Mins; Traders Attributing to Unconfirmed Takeover Chatter Be,Neutral,0
2017-03-31,7 Biggest Price Target Changes For Friday,Positive,1
2017-04-02,"Top Benzinga Stocks Of The Week: GE, Facebook, Apple And More",Positive,1
2017-04-10,Alcoa Shares Largely Unaffected as Traders Circulating Mid-Day Article from Barron's: 'Buy Alcoa Bef,Neutral,0
2017-04-12,"Alcoa Shares Down 5%, Arconic Shares Down 3% Following Late-Tuesday Release of Presentation by Ellio",Neutral,0
2017-04-13,Watch These 6 Huge Put Purchases In Thursday Trade,Positive,1
2017-04-18,Arconic CEO Resigns After 'Unauthorized' Letter To Hedge Fund,Neutral,0
2017-04-19,"Alcoa Reports Consolidation of Administrative Locations, Sees Annual Savings of $5M",Negative,-1
2017-04-24,Benzinga's Option Alert Recap From April 24,Positive,1
2017-04-25,20 Biggest Mid-Day Gainers For Tuesday,Positive,1
2017-04-26,"UPDATE: Alcoa Will Not Receive Any Proceeds From Secondary Public Offering Of 12,958,767 Shares By A",Positive,1
2017-04-27,How Hiring Trends Can Predict Earnings,Positive,1
2017-05-04,Seeing Notable Block Trade In Alcoa; 999.3K Shares At $30.55,Negative,-1
2017-05-12,13F Shows Third Point Added Stake In Alcoa,Positive,1
2017-05-15,"13F from Cooperman's Omega Shows New Stakes in Alcoa, Ally Financial, AMC Networks, Athene, Cliffs, ",Positive,1
2017-05-18,"Jim Cramer Advises His Viewers On Bank Of America, Verizon And Arconic",Positive,1
2017-05-22,"UPDATE: Agilent Raises FY17 Adj. EPS Outlook to $2.15-$2.21 vs $2.16 Est., Sales to $4.36B-$4.38B vs",Negative,-1
2017-05-23,15 Biggest Mid-Day Gainers For Tuesday,Negative,-1
2017-05-30,Agilent Spikes to High of $60.40 on Volume,Negative,-1
2017-06-02,Agilent Reports Deal with Agendia for Molecular Cancer Diagnostics,Positive,1
2017-06-06,"Jefferies Health Care Conference Begins Today, Presenters Include: Agilent Technologies, Civitas Sol",Positive,1
2017-06-08,Unisys Launches FamilyNow for Aiding Social Service Agencies,Positive,1
2017-06-14,"Goldman Sachs Global Healthcare Conference Continues Today, Presenters Include: Agilent, Sage Therap",Positive,1
2017-06-19,All Mixed Up,Neutral,0
2017-06-23,Why Agilent Technologies (A) Stock Might be a Great Pick,Positive,1
2017-06-26,London Tower Fire Fallout: Arconic Shares Dive After Company Pulls Panels From Market,Neutral,0
2017-06-28,Unisys ClearPath Software Selected by Malaysia's ANGKASA,Positive,1
2017-07-07,Agilent Reports Purchase Of Cobalt Light Systems For £40M In Cash,Positive,1
2017-07-11,UPDATE: Alcoa To Record After-Tax Benefit Of ~0.13/Share For Reversal Of Liabilities Related To Orig,Negative,-1
2017-07-13,Wells Fargo Upgrades Agilent Technologies to Outperform,Negative,-1
2017-07-14,25 Stocks Moving In Friday's Pre-Market Session,Positive,1
2017-07-17,Najarian Brothers See Unusual Activity In Visa And Alcoa,Neutral,0
2017-07-18,Morgan Stanley: Now Is The Time To Forge A Position In US Steel Names,Negative,-1
2017-07-19,"Sarepta, T-Mobile Make Moves After-Hours Following Earnings Results",Positive,1
2017-07-24,"Agilent Acquires Powerful Next Gen Sequencing IP Portfolio, No Terms Disclosed",Positive,1
2017-08-07,These Were The Most Bought And Sold Stocks In July,Positive,1
2017-08-09,"Benzinga's Top Upgrades, Downgrades For August 9, 2017",Neutral,0
2017-08-11,13F From Loeb's Third Point Shows Liquidated Stake In Alcoa,Negative,-1
2017-08-14,"Omega Dissolves Stake In Alcoa, Initiates On American Airlines",Positive,1
2017-08-15,"Agilent Sees Q4 Adj. EPS $0.60-$0.62 vs $0.60 Est., Sales $1.15B-$1.17B vs $1.15B Est.; FY17 Adj. EP",Positive,1
2017-08-16,12 Biggest Mid-Day Gainers For Wednesday,Positive,1
2017-08-22,Najarian Brothers See Unusual Options Activity In Newell Brands And Alcoa,Neutral,0
2017-08-23,Agilent Files Civil Lawsuit against Shanghai Echrom Electronic Technology Co.,Neutral,0
2017-08-25,"Alcoa, Walmart, Gold Miners: Fast Money Picks For August 25",Positive,1
2017-08-30,Benzinga's Option Alert Recap From August 30,Positive,1
2017-08-31,Watch These 7 Huge Put Purchases In Thursday Trade,Positive,1
2017-09-01,Alcoa Option Alert: Nov 17 $50 Calls Sweep (4) at the Ask: 500 @ $1.13 vs 95 OI; Ref=$44.64,Positive,1
2017-09-02,Benzinga's Option Alert Recap From September 1,Positive,1
2017-09-08,Benzinga's Option Alert Recap From September 8,Positive,1
2017-09-11,Watch These 5 Huge Call Purchases In Monday Trade,Positive,1
2017-09-12,14 Biggest Mid-Day Gainers For Tuesday,Negative,-1
2017-09-13,Agilent Reports FDA Approval Of GenetiSure Dx Postnatal Assay,Negative,-1
2017-09-14,"Jim Cramer Weighs In On Fitbit, Qualcomm And More",Positive,1
2017-09-19,"Agilent Reports Dako PD-L1 IHC 28-8 PharmDx Approved For 2 New Indications: Urothelial Carcinoma, Sq",Negative,-1
2017-09-20,Benzinga's Option Alert Recap From September 20,Positive,1
2017-09-21,Watch These 8 Huge Call Purchases In Thursday Trade,Positive,1
2017-09-22,Agilent Technologies Receives FDA Approval For Use Of Dako PD-L1 For Treatment With Merck's KEYTRUDA,Negative,-1
2017-09-25,"When Bull Markets Die: What To Watch For, What Stocks Could Be The First To Get Hit",Positive,1
2017-09-27,"Alcoa To Report Q3 Earnings On Wed., Oct. 18 After Market Close",Positive,1
2017-10-13,Alcoa Reaches Early Termination Agreement For Power Contract Tied To Rockdale Smelter In Texas,Neutral,0
2017-10-16,"The Week Ahead: Earnings, Earnings, And More Earnings",Positive,1
2017-10-17,"Pre-Market Imbalance Update: Snap 219K Shares To Buy, Ford 208K To Buy, Square 106K To Buy, Alcoa 10",Positive,1
2017-10-18,UPDATE: Alcoa Raises FY17 Global Aluminum Demand Growth From 4.75%-5.25% In Q2 To 5%-5.5%,Negative,-1
2017-10-19,5 Biggest Price Target Changes For Thursday,Positive,1
2017-11-14,"Morgan Stanley Maintains Overweight on Agilent Technologies, Raises Price Target to $88.00",Negative,-1
2017-11-15,Agilent Raises Qtr. Dividend From $0.13/Share To $0.149/Share,Negative,-1
2017-11-16,Alcoa 13G Filing From Norges Bank Shows 5.01% Stake,Positive,1
2017-11-20,7 Stock's Moving In Monday's After-Hours Session,Positive,1
2017-11-21,Deutsche Bank Says Agilent Can Be The Next 'Compounder' In The Life Science Tools & Diagnostics Spac,Negative,-1
2017-11-28,UPDATE: Trump Admin. Probe Into Chinese Aluminum Focused On Imports Of Common Alloy Aluminum Steel,Positive,1
2017-11-29,"The Market In 5 Minutes: Chipotle CEO Search, Matt Lauer Fired, GDP Grows 3.3%",Neutral,0
2017-12-07,Some Japanese Aluminium Buyers Agree to Pay $103/T in Q1 vs $94-$95 in Q4 -Reuters,Negative,-1
2017-12-08,Aquinox Pharmaceuticals Announces FDA Panel Voted 15 to 0 That Patients With Interstitial Cystitis a,Negative,-1
2017-12-20,"Alcoa Could Return $525M In Capital In 2018, Credit Suisse Says",Negative,-1
2017-12-21,UPDATE: Alcoa Sees Annual Adj. EBITDA Benefits Of ~$3M Upon Completion Of Rockdale Decommissioning I,Negative,-1
2017-12-27,"Alcoa To Report Q4 Earnings Wed., Jan. 17 After Market Close",Positive,1
2017-12-31,10 Best Stocks Of 2017,Positive,1
2018-01-04,"Evercore ISI Group Initiates Coverage On Agilent Technologies with Outperform Rating, Announces $75.",Negative,-1
2018-01-09,"JP Morgan Healthcare Conference Continues Today, Presenters Include: Bluebird Bio, Agilent, Insulet,",Positive,1
2018-01-16,Dow Earnings: Analysts Expect Goldman Sachs Revenue Decline,Neutral,0
2018-01-17,"Alcoa Reports Q4 EPS $1.04 vs $1.22 Est., Sales $3.2B vs $3.29B Est.",Neutral,0
2018-01-18,Alcoa Shares Down 8.68% Following A Q4 Top And Bottom Line Miss Reported Wednesday,Neutral,0
2018-01-19,38 Biggest Movers From Yesterday,Positive,1
2018-01-21,"President Trump Reviewing Report on U.S. Aluminum Imports that Could Result in Tariffs, Quotas -Bloo",Neutral,0
2018-01-22,"CNBC Publishes 'Commerce Secretary Wilbur Ross offers Trump a wide range of options, including highe",Negative,-1
2018-01-23,The 10 Most Expensive Stocks In The S&P 500,Positive,1
2018-01-29,Agilent Reports Scientific Partnership with the University of Southern California,Positive,1
2018-02-13,Phillips 66 Says it Has Agreed to Repurchase 35M Shares of Phillips 66 Common Stock from Wholly-owne,Positive,1
2018-02-14,"Agilent Sees Q2 Adj. EPS $0.61-$0.63 vs $0.64 Est., Sales $1.2B-$1.22B vs $1.17B Est.; FY18 Adj. EPS",Positive,1
2018-02-15,"Bank Of America Out Positive On Agilent, Raises Price Target From $80 To $83 As Frim Says Core Busin",Negative,-1
2018-02-16,"US Steel, Aluminum Stocks Rally After Commerce Dept. Calls For Tariffs",Neutral,0
2018-02-23,"Alcoa Shares Indicated Up ~$0.50 After Hours, Watching Other Aluminum Stocks; Trump Said To Consider",Negative,-1
2018-02-27,UPDATE: The Aluminum Association's Full Statement On Final Affirmative Determinations For Unfair Tra,Positive,1
2018-03-01,"White House Says Details of Steel, Aluminum Tariffs Will Not be Provide Ahead of Next Week's Signing",Positive,1
2018-03-02,T. Boone Pickens' New ETF And 7 Most Undervalued Stocks,Negative,-1
2018-03-06,"Watching Steel, Aluminum Stocks After Hours Amid Axios Report Trump Cancelled Thurs. Tariff Meeting:",Negative,-1
2018-03-07,Agilent Technologies to Acquire Advanced Analytical Technologies for $250M in Cash,Positive,1
2018-03-08,"Trump Senior Admin. Official Says Trump Will On Thurs. Announce Import Tariffs Of 25% On Steel, 10% ",Positive,1
2018-03-09,"After Trump's Announcement Of Steel, Aluminum Tariffs, The Sell-Side Reacts",Positive,1
2018-03-14,"US Dept. Of Commerce Has Briefed Congressional Staffers On Exclusions Related To Metal Tariffs, Show",Positive,1
2018-03-19,"U.S. Commerce Department Says Will Start Accepting Requests for Exclusions from New U.S. Steel, Alum",Positive,1
2018-03-20,"Benzinga's Top Upgrades, Downgrades For March 20, 2018",Neutral,0
2018-03-21,"U.S. Trade Rep. Lighthizer Says Their Hope Is To Get Steel, Aluminum Country Exemptions By End Of Ap",Negative,-1
2018-03-22,"UPDATE: Goods to be Targeted Include Pork, Recycled Aluminum",Positive,1
2018-03-27,"French Pres Told Trump EU Steel/Aluminum Exports Cannot Be Considered A Threat To National Security,",Positive,1
2018-04-03,"UPDATE: Alnylam, Agilent Deal Has Initial Term Of 5 Years, With Automatic Renewal Terms OF 2 Years A",Positive,1
2018-04-06,"Watch Shares Of Century Aluminum, Alcoa, Arconic, Commercial Metals, Kaiser Aluminum Following Trump",Positive,1
2018-04-09,Aloca Option Alert: Fri $50 Calls Sweep (17) at the Ask: 1271 @ $1.097 vs 93 OI; Earnings 4/18 After,Positive,1
2018-04-11,"Morgan Stanley Maintains Overweight on Agilent Technologies, Lowers Price Target to $91.00",Negative,-1
2018-04-16,Shares of Alcoa and Century Aluminum Both Moved Lower On Washington Post Report Trump Has 'Put The B,Neutral,0
2018-04-18,Agilent Technologies Files Second Civil Action Against Changzhou Pannatek to 'Protect Intellectual P,Neutral,0
2018-04-19,"Benzinga's Top Analyst Calls For April 19, 2018",Positive,1
2018-04-23,28 Stocks Moving In Monday's Mid-Day Session,Neutral,0
2018-04-24,"Citigroup: Alcoa Fairly Valued At Current Levels, But Constructive In The Longer Term",Positive,1
2018-04-27,Alcoa Shares Down ~1% Over Last Few Mins. Amid Report Of Confirmation Deripaska Will Keep Rusal Cont,Neutral,0
2018-05-01,Trump Extends Tariff Deadline For Key US Allies,Positive,1
2018-05-02,"Agilent Reports Purchase Of Genohm, No Terms Disclosed",Positive,1
2018-05-06,"Benzinga's Bulls & Bears Of The Week: Apple, Alibaba, Spotify, 3M And More",Positive,1
2018-05-08,Investor Movement Index April Summary,Positive,1
2018-05-10,"Alcoa, Rio Tinto Announce World's First Carbon-Free Aluminum Smelting Process",Positive,1
2018-05-11,TD Ameritrade Data Shows Retail Investors Are Becoming More Picky About Their Stocks,Positive,1
2018-05-14,10 Stocks Moving In Monday's After-Hours Session,Neutral,0
2018-05-15,37 Stocks Moving In Tuesday's Mid-Day Session,Positive,1
2018-05-16,45 Biggest Movers From Yesterday,Positive,1
2018-05-18,"Pot Stocks, ETFs, Top News And Data From The Cannabis Industry This Week",Positive,1
2018-05-22,"'Trump Is Targeting 10% Cut in EU Steel, Aluminum Exports to U.S.' - WSJ",Neutral,0
2018-05-23,Agilent Signs Agreement to Acquire Assets from Young in Scientific Co. Ltd.; Financial Terms Not Dis,Positive,1
2018-05-24,"Agilent, University of Duisburg-Essen Announce Collaboration Agreement",Positive,1
2018-05-28,Alcoa Corporation Provides Update to Partial Restart of Aluminum Smelter at Warrick Operations,Positive,1
2018-05-30,"Agilent to Acquire Assets of Ultra Scientific, No Financial Terms Disclosed",Positive,1
2018-05-31,"Canada Will Impose 25% Tariff On US-Exported Steel, 10% Tariff On US Aluminum",Positive,1
2018-06-01,"'EU initiates WTO case against U.S. steel, aluminum tariffs: WTO official' - Reuters",Positive,1
2018-06-03,"Larry Kudlow Says Steel, Aluminum Tariffs on U.S. Allies May Go on for Awhile or Not, Subject to Neg",Positive,1
2018-06-11,Alcoa Option Alert: Fri $49 Calls Sweep (4) near the Bid: 677 @ $1.7 vs 273 OI; Earnings 7/18 After ,Positive,1
2018-06-12,Agilent Companion Diagnostic Gains Expanded FDA Approval In Cervical Cancer,Negative,-1
2018-06-13,"China Bans New Capacity of Steel, Aluminum In Some Areas",Neutral,0
2018-06-18,"Alcoa Announces $62.4M Payment Under Elecricity Supply Agreement For Smelter In Wenatchee, Washingto",Neutral,0
2018-06-19,Alcoa Option Alert: Oct 19 $47 Calls Sweep (20) near the Ask: 967 @ $2.55 vs 106 OI; Earnings 7/18 A,Negative,-1
2018-06-21,"Benzinga's Top Upgrades, Downgrades For June 21, 2018",Neutral,0
2018-06-22,"What DJIA Changes Mean For GE, Walgreens Investors",Positive,1
2018-07-09,"Agilent, Nanyang Technological University Singapore to Develop Novel Approaches for Water Analysis",Positive,1
2018-07-16,"The Week Ahead: Netflix Earnings, Comic-Con, 'IPO Thursday' And More",Positive,1
2018-07-17,Waters Has Limited Upside Potential To Growth Expectations; Janney Steps to The Sidelines,Negative,-1
2018-07-18,From Alcoa Q2 Conference Call: Co. Expects $12M-$14M Negative Monthly Impact As Long As Tariffs Are ,Neutral,0
2018-07-19,Alcoa Shares Trading Down 11.9% After Co. Cut FY18 EBITDA Guidance; Co. Late Wednesday Announced Exp,Neutral,0
2018-07-20,50 Biggest Movers From Yesterday,Positive,1
2018-07-23,"Big Week Ahead For Info Tech With Some Major Names On Tap, Along With GDP",Negative,-1
2018-07-25,"Alcoa Shares Spike ~$0.40 Over Last Min. As Traders Circulate Questionable, Unconfirmed Source Chatt",Positive,1
2018-07-27,"A Running List Of The Companies Blaming Trade Policy For Stifled Earnings, Guidance",Neutral,0
2018-07-31,"Agilent Announces CFO Didier Hirsch To Retire October 31, Robert McMahon To Become CFO",Positive,1
2018-08-06,Alcoa Option Alert: Jan 18 $46 Calls Sweep (26) near the Ask: 1000 @ $2.951 vs 72 OI; Ref=$42.79,Positive,1
2018-08-09,Alcoa Says Doesn't Expect Any Impact to Production Due to Labor Issue in Australia,Neutral,0
2018-08-14,"Agilent Technologies Q3 Adj. EPS $0.67 Beats $0.63 Estimate, Sales $1.203B Beat $1.2B Estimate",Negative,-1
2018-08-15,"Deutsche Bank Maintains Buy on Agilent Technologies, Raises Price Target to $80",Negative,-1
2018-08-21,"Agilent Companion Diagnostic Gains Expanded FDA Approval in Urothelial Carcinoma, PD-L1 IHC 22C3 pha",Negative,-1
2018-08-29,"Shares of Alcoa Spiking Higher, Now Up 1.74% At $45.02",Negative,-1
2018-09-07,25 Stocks Moving In Friday's Pre-Market Session,Positive,1
2018-09-12,"Benzinga's Top Upgrades, Downgrades For September 12, 2018",Neutral,0
2018-09-17,"A Life Science Tools And Diagnostics Pair Trade: Goldman Recommends Buying Agilent, Moving to Sideli",Positive,1
2018-09-18,'JUST IN: Rusal's aluminum plant in Armenia starts reducing output due to U.S. sanctions - sources'-,Neutral,0
2018-09-26,A Peek Into The Markets: US Stock Futures Up; All Eyes On Fed Decision,Positive,1
2018-09-27,"Stocks Which Set New 52-Week Low Yesterday, September 26th",Neutral,0
2018-10-01,"Pres Trump Says Steel, Aluminum Tariffs Will Remain",Positive,1
2018-10-03,Najarian Brothers See Unusual Activity In Baker Hughes And Alcoa,Neutral,0
2018-10-04,26 Stocks Moving In Thursday's Pre-Market Session,Positive,1
2018-10-10,"Morgan Stanley Maintains Overweight on Agilent Technologies, Raises Price Target to $86",Negative,-1
2018-10-11,"Stocks Which Set New 52-Week Low Yesterday, October 10th",Neutral,0
2018-10-12,"Stocks Which Set New 52-Week Low Yesterday, October 11th",Neutral,0
2018-10-15,"The Week Ahead: Q3 Earnings Season, Canada Decriminalizes Cannabis",Neutral,0
2018-10-17,"Alcoa CFO ""Says US Smelters Helped By Tariffs Pushing Up Midwest Regional Premium, Says Impact Of Ta",Negative,-1
2018-10-18,"BofA, Morgan Stanley Weigh In On Alcoa's Q3",Positive,1
2018-10-19,50 Biggest Movers From Yesterday,Positive,1
2018-10-29,Agilent Highlights Letter To SEC Related To Material Misstatements In Twist Bioscience's S-1,Neutral,0
2018-11-07,"US Dept. Of Commerce To Impose Final Anti-Dumping, Anti-Subsidy Duties Of 96.3-176.2% On Chinese Com",Positive,1
2018-11-14,13F From JANA Shows Cut Stake In Agilent,Positive,1
2018-11-16,"Citigroup Maintains Neutral on Alcoa, Lowers Price Target to $33",Positive,1
2018-11-19,6 Stocks Moving In Monday's After-Hours Session,Neutral,0
2018-11-20,36 Stocks Moving In Tuesday's Mid-Day Session,Positive,1
2018-11-21,50 Biggest Movers From Yesterday,Positive,1
2018-11-27,"Stocks Which Set New 52-Week Low Yesterday, Mon., Nov. 26, 2018",Neutral,0
2018-11-28,"Stocks Which Set New 52-Week Low Yesterday Tues., Nov. 27, 2018",Neutral,0
2018-12-07,US Locks In Duties Of Aluminum Sheet From China As Trade Panel Finds US Industry Harmed,Negative,-1
2018-12-10,US To Issue Antidumping Order On Chinese Aluminum Alloy Sheet,Positive,1
2018-12-20,"Stocks Which Set New 52-Week Low Yesterday, Tues., Dec. 20, 2018",Neutral,0
2018-12-27,"Alcoa To Report Q4 Earnings On Wed., Jan. 16, 2019 After Market Close",Positive,1
2019-01-03,"Needham Initiates Coverage On Agilent Technologies with Buy Rating, Announces $77 Price Target",Positive,1
2019-01-04,Alcoa Option Alert: Feb 15 $30 Calls Sweep (10) near the Ask: 600 @ $1.35 vs 2303 OI; Earnings 1/16 ,Positive,1
2019-01-13,5 Most Volatile Earnings Stocks,Neutral,0
2019-01-14,"Benzinga's Top Upgrades, Downgrades For January 14, 2019",Neutral,0
2019-01-16,5 Stocks Moving In Wednesday's After-Hours Session,Neutral,0
2019-01-17,"Moody's Says U.S. Tariffs Benefit U.S. Steel, Aluminum Sectors; Hurt U.S. Manufacturing Sectors Vuln",Neutral,0
2019-01-29,Agilent Technologies Option Alert: Mar 15 $75 Calls at the Ask: 1000 @ $2.3 vs 33 OI; Earnings 2/20 ,Positive,1
2019-02-12,8 Biggest Price Target Changes For Tuesday,Positive,1
2019-02-14,"JANA 13F Shows Liquidated Stakes In Alibaba, Agilent, US Steel, SVMK, Electronic Arts, Dollar Tree",Positive,1
2019-02-20,"UPDATE: Agilent Raises FY19 Adj. EPS Guidance From $3-$3.05 To $3.03-$3.07 vs $3.05 Estimate, Sales ",Negative,-1
2019-02-21,"Barclays Maintains Overweight on Agilent Technologies, Raises Price Target to $83",Negative,-1
2019-02-25,Dissecting The IPS Worldwide Bankruptcy,Positive,1
2019-03-11,Some Japanese Aluminium Buyers Agree Q2 Premium of $105/Tonne,Negative,-1
2019-03-15,"Benzinga's Top Upgrades, Downgrades For March 15, 2019",Neutral,0
2019-03-26,10 Biggest Price Target Changes For Tuesday,Positive,1
2019-04-02,"Benzinga's Top Upgrades, Downgrades For April 2, 2019",Neutral,0
2019-04-03,"Benzinga's Top Upgrades, Downgrades For April 3, 2019",Neutral,0
2019-04-17,4 Stocks Moving In Wednesday's After-Hours Session,Neutral,0
2019-04-22,Gabelli & Co. Upgrades Alcoa to Buy,Positive,1
2019-04-26,American Airlines Sees FY19 Adj. EPS $4.00-$6.00 vs $5.63 Est.,Neutral,0
2019-05-03,Shares of several consumer metals and mining companies are trading higher as commodity prices gain a,Negative,-1
2019-05-10,Shares of several healthcare companies are trading lower in sympathy with the overall market. The S&,Neutral,0
2019-05-14,5 Stocks Moving In Tuesday's After-Hours Session,Neutral,0
2019-05-15,44 Stocks Moving In Wednesday's Mid-Day Session,Positive,1
2019-05-16,Shares of many Healthcare companies are trading higher as markets rebound from the recent volatility,Neutral,0
2019-05-17,"Reports: US Set To Drop Steel And Aluminum Tariffs On Mexico, Canada",Neutral,0
2019-06-05,Alcoa Analyst Says Alumina Oversupply Concerns Outweigh Short-Term Profit Opportunity,Neutral,0
2019-06-08,"Bulls & Bears Of The Week: GameStop, McDonald's, Tesla, Tilray And More",Positive,1
2019-06-11,"Benzinga's Top Upgrades, Downgrades For June 11, 2019",Neutral,0
2019-06-18,"Alcoa Shares Dip Lower Over Last Few Mins, Down ~1.7% On Volume Spike; Stock Still Up 4.2% For Sessi",Neutral,0
2019-06-25,Alcoa Option Alert: Oct 18 $24 Calls at the Ask: 5000 @ $1.65 vs 22559 OI; Earnings 7/17 After Close,Positive,1
2019-06-26,Alcoa Announces Aluminerie de Bécancour Inc. Has Presented Final OFfer To United Steelworkers For Ne,Negative,-1
2019-07-02,"Alcoa Reports Planned Restart, New Labor Contract For Aluminerie de Becancour Smelter In Quebec, Can",Negative,-1
2019-07-05,"Alcoa Expects To Record Restructuring-related Charges In Q3 2019, Rather Than Q2 Of 2019, Estimated ",Neutral,0
2019-07-09,Shares of several steel companies are trading lower after Russia launched a complaint at the WTO to ,Neutral,0
2019-07-11,Agilent Will Acquire BioTek Instruments In $1.16B Deal,Positive,1
2019-07-15,"Barclays Downgrades Agilent Technologies to Equal-Weight, Lowers Price Target to $78",Negative,-1
2019-07-16,"Benzinga Pro's Top 10 Most-Searched Tickers For Morning of Tuesday, July 16, 2019",Positive,1
2019-07-17,5 Stocks Moving In Wednesday's After-Hours Session,Neutral,0
2019-07-18,28 Stocks Moving In Thursday's Pre-Market Session,Positive,1
2019-07-19,"Benzinga's Top Upgrades, Downgrades For July 19, 2019",Neutral,0
2019-07-31,Agilent Shares Unaffected As Hearing FDA Approved Co.'s PD-L1 IHC 22C3 PharmDx Assay For Expanded Us,Negative,-1
2019-08-01,Agilent Announces Settlement of Key Intellectual Property Case in China,Neutral,0
2019-08-02,Stocks That Set New 52-Week Lows Friday Morning,Neutral,0
2019-08-05,Shares of several gold companies are trading higher amid heightened US-China trade tensions. Concern,Negative,-1
2019-08-06,"Shares of diagnostics and research companies are trading higher in sympathy with Syneos Health, whic",Negative,-1
2019-08-14,Agilent Technologies shares are trading higher after the company reported better-than-expected Q3 EP,Negative,-1
2019-08-15,46 Stocks Moving In Thursday's Mid-Day Session,Positive,1
2019-08-16,"Top 10 Movers Via Benzinga Pro's Screener Tool For Morning of Friday., August 16, 2019",Positive,1
2019-08-30,United Steelworkers Will Not Be Discussing Details Of Proposed New Contract With Alcoa Until Members,Positive,1
2019-09-03,Agilent Collaborates On Study Of Performance-Enhancing Spinach Extract,Positive,1
2019-09-05,Shares of several healthcare companies are trading higher in sympathy with the overall market after ,Negative,-1
2019-09-09,Mid-Afternoon Market Update: NASADQ Down 0.5%; ACADIA Pharmaceuticals Shares Spike Higher,Neutral,0
2019-09-11,Shares of several aluminum companies are trading higher. Credit Suisse upgraded Alcoa's stock to Out,Negative,-1
2019-09-20,United Steelworkers At Five Alcoa US Locations Ratify New Labor Agreement,Positive,1
2019-09-23,"Benzinga's Top Upgrades, Downgrades For September 23, 2019",Neutral,0
2019-10-02,Shares of several healthcare companies are trading lower in sympathy with the overall market on cont,Neutral,0
2019-10-07,Alcoa Corp For Q3 Has Recorded $37M Restructuring Charge For Employee Termination And Severance Cost,Neutral,0
2019-10-08,Shares of several healthcare companies are trading lower with the broader market after the US expand,Neutral,0
2019-10-09,"Barclays Maintains Equal-Weight on Agilent Technologies, Lowers Price Target to $76",Negative,-1
2019-10-10,"JP Morgan Maintains Overweight on Alcoa, Lowers Price Target to $26",Negative,-1
2019-10-11,Shares of several healthcare companies are trading higher after President Trump made positive remark,Negative,-1
2019-10-14,"Earnings, Econ Numbers And The Beige Book Pepper The Second Round of The WeTrader Competition",Positive,1
2019-10-16,5 Stocks Moving In Wednesday's After-Hours Session,Neutral,0
2019-10-17,32 Stocks Moving In Thursday's Mid-Day Session,Neutral,0
2019-10-18,"Benzinga's Top Upgrades, Downgrades For October 18, 2019",Neutral,0
2019-10-21,UPDATE: Gabelli & Co. Downgrades Alcoa To Hold As Firm Notes 'We now see aluminum as challenged give,Neutral,0
2019-10-23,"Benzinga's Top Upgrades, Downgrades For October 23, 2019",Neutral,0
2019-11-01,Shares of several aluminum companies are trading higher on optimism around the U.S.-China trade deal,Negative,-1
2019-11-07,"Morgan Stanley Assumes Alcoa at Equal-Weight, Announces $25 Price Target",Positive,1
2019-11-13,"UPDATE: Bank Of America Downgrades Alcoa To Underperform, Maintains $21 Target 'amid limited catalys",Neutral,0
2019-11-15,"Benzinga's Top Upgrades, Downgrades For November 15, 2019",Neutral,0
2019-11-20,Agilent Raises Qtr. Dividend From $0.164 To $0.18/Share,Negative,-1
2019-11-25,Aligent shares are trading higher after the company reported better-than-expected Q4 EPS and sales r,Negative,-1
2019-11-26,"UBS Maintains Neutral on Agilent Technologies, Raises Price Target to $87",Negative,-1
2019-12-04,"UPDATE: Alcoa Will Reduce Co.'s Pension, OPEB Liabilities By ~$190M",Positive,1
2019-12-06,Stocks That Hit 52-Week Highs On Friday,Positive,1
2019-12-09,UPDATE: Bill Ackman's Pershing Square Files Amended 13F Showing New ~2.916M Share Stake In Agilent,Positive,1
2019-12-10,Stocks That Hit 52-Week Highs On Tuesday,Positive,1
2019-12-11,There's A New Trading Tool That Allows Traders To Trade Cannabis With Leverage,Positive,1
2019-12-12,Stocks That Hit 52-Week Highs On Thursday,Positive,1
2019-12-16,Alcoa To Permanently Close Point Comfort Refinery In Texas; Co. To Record Restructuring Charges Of ~,Neutral,0
2019-12-17,"Benzinga's Top Upgrades, Downgrades For December 17, 2019",Neutral,0
2019-12-19,USW Sues Alcoa To Retain Retiree Life Insurance Benefits,Neutral,0
2019-12-20,Stocks That Hit 52-Week Highs On Friday,Positive,1
2019-12-22,How The Dow Jones Industrial Average Changed Over The Past Decade,Positive,1
2019-12-23,Stocks That Hit 52-Week Highs On Monday,Positive,1
2019-12-27,Stocks That Hit 52-Week Highs On Friday,Positive,1
2020-01-02,Alcoa Announces Agreement To Sell Gum Springs Facility In $250M Transaction,Positive,1
2020-01-03,"Benzinga's Top Upgrades, Downgrades For January 3, 2020",Neutral,0
2020-01-07,"Citigroup Initiates Coverage On Agilent Technologies with Neutral Rating, Announces $85 Price Target",Positive,1
2020-01-08,"Wells Fargo Initiates Coverage On Agilent Technologies with Overweight Rating, Announces $100 Price ",Negative,-1
2020-01-09,Stocks That Hit 52-Week Highs On Thursday,Positive,1
2020-01-10,Stocks That Hit 52-Week Highs On Friday,Positive,1
2020-01-15,Stocks That Hit 52-Week Highs On Wednesday,Positive,1
2020-01-16,Stocks That Hit 52-Week Highs On Thursday,Positive,1
2020-01-17,Stocks That Hit 52-Week Highs On Friday,Positive,1
2020-01-21,"Benzinga's Top Upgrades, Downgrades For January 21, 2020",Neutral,0
2020-01-22,Stocks That Hit 52-Week Highs On Wednesday,Positive,1
2020-01-23,28 Basic Materials Stocks Moving In Thursday's Session,Neutral,0
2020-01-24,Stocks That Hit 52-Week Lows On Friday,Neutral,0
2020-01-27,Stocks That Hit 52-Week Lows On Monday,Neutral,0
2020-01-29,Stocks That Hit 52-Week Lows On Wednesday,Neutral,0
2020-01-30,Agilent shares are trading lower. Not seeing any news to justify the price action.,Neutral,0
2020-01-31,Stocks That Hit 52-Week Lows On Friday,Neutral,0
2020-02-05,Pershing Square Sees 'Substantial Opportunity' For Improvement In Agilent's A.N Business Performance,Negative,-1
2020-02-06,Twist Bioscience Reports Settlement Deal With Agilent; Co. Will Pay Agilent $22.5M,Positive,1
2020-02-14,Pershing Square 13F Shows Raised Stake In Agilent By 11.4% To 3.25M Shares,Negative,-1
2020-02-18,12 Stocks Moving In Tuesday's After-Hours Session,Positive,1
2020-02-19,"UBS Maintains Neutral on Agilent Technologies, Raises Price Target to $90",Negative,-1
2020-02-23,Boeing Offers More Support for MAX Suppliers,Negative,-1
2020-02-24,"Benzinga's Top Upgrades, Downgrades For February 24, 2020",Neutral,0
2020-02-25,Shares of several basic materials companies are trading lower as markets fall amid the continued spr,Neutral,0
2020-02-27,Stocks That Hit 52-Week Lows On Thursday,Neutral,0
2020-02-28,Stocks That Hit 52-Week Lows On Friday,Neutral,0
2020-03-02,Shares of several healthcare companies are trading higher in sympathy with the overall market as it ,Negative,-1
2020-03-03,"Agilent Technologies Inc Says In January 2020, Net Revenue Was Negatively Impacted Due To The Public",Neutral,0
2020-03-05,Stocks That Hit 52-Week Lows On Thursday,Neutral,0
2020-03-06,Stocks That Hit 52-Week Lows On Friday,Neutral,0
2020-03-09,"Shares of several basic materials companies are trading lower amid the global coronavirus outbreak, ",Neutral,0
2020-03-10,10 Basic Materials Stocks Gaining In Tuesday's Pre-Market Session,Negative,-1
2020-03-11,"Shares of several coronavirus-related companies including vaccine makers, protective apparel manufac",Negative,-1
2020-03-12,Stocks That Hit 52-Week Lows On Thursday,Neutral,0
2020-03-13,"Shares of several basic materials companies are trading higher, rebounding following Thursday's cras",Neutral,0
2020-03-16,Stocks That Hit 52-Week Lows On Monday,Neutral,0
2020-03-17,"Shares of several basic materials companies are trading higher, rebounding from Monday's crash. Stoc",Negative,-1
2020-03-18,Shares of several steel and materials stocks are trading lower amid investor concerns about a global,Neutral,0
2020-03-19,Stocks That Hit 52-Week Lows On Thursday,Neutral,0
2020-03-20,"Citigroup Maintains Neutral on Agilent Technologies, Lowers Price Target to $75",Negative,-1
2020-03-23,Stocks That Hit 52-Week Lows On Monday,Neutral,0
2020-03-24,75 Stocks Moving In Tuesday's Mid-Day Session,Positive,1
2020-03-25,"Morgan Stanley Maintains Equal-Weight on Alcoa, Lowers Price Target to $10",Negative,-1
2020-03-26,Shares of several healthcare companies are trading higher following Senate passage of a $2 trillion ,Negative,-1
2020-03-27,"Shares of several healthcare companies are trading lower, selling off from this week's strength. Whi",Neutral,0
2020-03-30,"Wells Fargo Maintains Overweight on Agilent Technologies, Lowers Price Target to $82",Negative,-1
2020-03-31,Int'l. Air Transport Authority Chief Economist Sees Consolidation In Airline Sector As Some Airlines,Negative,-1
2020-04-01,Shares of several healthcare companies are trading lower amid market weakness as growing coronavirus,Neutral,0
2020-04-02,"Stifel Maintains Hold on Agilent Technologies, Lowers Price Target to $73",Negative,-1
2020-04-06,Shares of several healthcare companies are trading higher as markets gain amid optimism that coronav,Negative,-1
2020-04-07,"Citigroup Maintains Neutral on Alcoa, Lowers Price Target to $7",Positive,1
2020-04-08,Shares of several companies in the auto dealer space are trading higher amid positive market sentime,Negative,-1
2020-04-14,Agilent Withdraws Q2 And FY20 Guidance,Neutral,0
2020-04-15,Alcoa Option Alert: Jun 19 $10 Calls at the Ask: 6000 @ $0.341 vs 5915 OI; Earnings 4/22 After Close,Negative,-1
2020-04-17,"JP Morgan Maintains Overweight on Alcoa, Lowers Price Target to $14",Negative,-1
2020-04-22,Agilent Reports Has Become Top-Level Sponsor Of My Green Lab,Positive,1
2020-04-23,Agilent Reports FDA Approval For PD-L1 Companion Diagnostic On Dako Omni,Negative,-1
2020-04-28,"UBS Maintains Neutral on Agilent Technologies, Lowers Price Target to $84",Negative,-1
2020-04-29,Shares of several basic materials companies are trading higher following positive data from a study ,Negative,-1
2020-05-01,Shares of several healthcare companies are trading lower as markets dip following recent strength. M,Neutral,0
2020-05-05,Shares of several healthcare companies are trading higher amid positive investor sentiment as some U,Negative,-1
2020-05-08,How Bill Ackman Successfully Navigated Coronavirus Market Volatility,Positive,1
2020-05-11,Shares of several basic materials companies are trading lower amid market weakness. Investors weigh ,Neutral,0
2020-05-14,"Alcoa CEO, Currently Presenting At BMO Global Metals & Mining Conference, Says Mgmt. Could Be Even M",Negative,-1
2020-05-15,"Pershing Square 13F Shows Fund Raises Stake In Agilent Technologies To 12,626,593 Shares",Negative,-1
2020-05-16,"Q1 13F Roundup: How Buffett, Einhorn, Ackman And Others Adjusted Their Portfolios",Positive,1
2020-05-18,Agilent Technologies Receives FDA Approval for PD-L1 as a Companion Diagnostic,Negative,-1
2020-05-21,8 Stocks Moving In Thursday's After-Hours Session,Neutral,0
2020-05-22,46 Stocks Moving In Friday's Mid-Day Session,Positive,1
2020-05-26,71 Biggest Movers From Friday,Positive,1
2020-05-27,Shares of several basic materials companies are trading higher amid economic optimism as some US sta,Negative,-1
2020-06-03,Stocks That Hit 52-Week Highs On Wednesday,Positive,1
2020-06-04,Shares of several basic materials are trading higher as the market continues to gain on optimism ove,Negative,-1
2020-06-05,Stocks That Hit 52-Week Highs On Friday,Positive,1
2020-06-08,Alcoa Seeing Better July Aluminum Shipments Amid Re-Openings; Alcoa CFO Says Stronger China Aluminum,Negative,-1
2020-06-09,Shares of several basic material companies are trading lower as equities sell off following the rece,Neutral,0
